Count,Tradelist Count,Name,Edition,Edition Code,Card Number,Condition,Language,Foil,Signed,Artist Proof,Altered Art,Misprint,Promo,Textless,Printing Id,Printing Note,Tags,My Price
1,0,Abrade,"","",,Near Mint,English,,,,,,,,,,"",$0.00
1,0,Academy Drake,Dominaria,DOM,40,Near Mint,English,,,,,,,,38521,,"",$0.00
3,0,Academy Journeymage,Dominaria,DOM,41,Near Mint,English,,,,,,,,38456,,"",$0.00
1,0,Adamant Will,Dominaria,DOM,2,Near Mint,English,,,,,,,,38489,,"",$0.00
2,0,"Adeliz, the Cinder Wind",Dominaria,DOM,190,Near Mint,English,,,,,,,,38422,,"",$0.00
1,0,Adventurous Impulse,Dominaria,DOM,153,Near Mint,English,,,,,,,,38595,,"",$0.00
1,0,Aesthir Glider,Dominaria,DOM,209,Near Mint,English,,,,,,,,38665,,"",$0.00
1,0,Aetherjacket,Aetherdrift,dft,230,Near Mint,English,,,,,,,,100592,,"",$0.00
4,0,Agate Assault,Bloomburrow,BLB,122,Near Mint,English,,,,,,,,93134,,"",$0.00
1,0,Agate Assault,Bloomburrow,BLB,122,Near Mint,English,foil,,,,,,,93134,,"",$0.00
5,0,Agate-Blade Assassin,Bloomburrow,BLB,82,Near Mint,English,,,,,,,,93094,,"",$0.00
1,0,Agonasaur Rex,Aetherdrift,dft,151,Near Mint,English,,,,,,,,100513,,"",$0.00
6,0,Ahn-Crop Champion,Amonkhet,AKH,194,Near Mint,English,,,,,,,,35131,,"",$0.00
1,0,Ahn-Crop Crasher,Amonkhet,AKH,117,Near Mint,English,,,,,,,,35191,,"",$0.00
1,0,Air Response Unit,Aetherdrift,dft,1,Near Mint,English,,,,,,,,100363,,"",$0.00
2,0,Alacrian Jaguar,Aetherdrift,dft,152,Near Mint,English,,,,,,,,100514,,"",$0.00
2,0,"Alania, Divergent Storm",Bloomburrow,BLB,204,Near Mint,English,,,,,,,,93216,,"",$0.00
8,0,Alania's Pathmaker,Bloomburrow,BLB,123,Near Mint,English,,,,,,,,93135,,"",$0.00
1,0,Alania's Pathmaker,Bloomburrow,BLB,123,Near Mint,English,foil,,,,,,,93135,,"",$0.00
1,0,Alchemist's Talent,"","",,Near Mint,English,,,,,,,,,,"",$0.00
1,0,Ancient Animus,Dominaria,DOM,154,Near Mint,English,,,,,,,,38451,,"",$0.00
7,0,Ancient Crab,Amonkhet,AKH,40,Near Mint,English,,,,,,,,35279,,"",$0.00
3,0,Angler Drake,Amonkhet,AKH,41,Near Mint,English,,,,,,,,35319,,"",$0.00
2,0,Anointed Procession,Amonkhet,AKH,2,Near Mint,English,,,,,,,,35364,,"",$0.00
4,0,Anointer Priest,Amonkhet,AKH,3,Near Mint,English,,,,,,,,35355,,"",$0.00
1,0,Arbor Armament,Dominaria,DOM,155,Near Mint,English,,,,,,,,38630,,"",$0.00
1,0,Arbor Elf,"","",,Near Mint,English,foil,,,,,,,,,Secret Lair: Andrew McLean,$0.00
1,0,Arcane Signet,"","",,Near Mint,English,,,,,,,,,,"",$0.00
1,0,Archfiend of Ifnir,Amonkhet,AKH,78,Near Mint,English,,,,,,,,35334,,"",$0.00
1,0,Artist's Talent,Bloomburrow,BLB,124,Near Mint,English,,,,,,,,93136,,"",$0.00
1,0,Arvad the Cursed,Dominaria,DOM,191,Near Mint,English,,,,,,,,38591,,"",$0.00
1,0,"Aryel, Knight of Windgrace",Dominaria,DOM,192,Near Mint,English,,,,,,,,38414,,"",$0.00
6,0,Aven Initiate,Amonkhet,AKH,43,Near Mint,English,,,,,,,,35130,,"",$0.00
1,0,Aven Wind Guide,Amonkhet,AKH,195,Near Mint,English,,,,,,,,35301,,"",$0.00
1,0,Avishkar Raceway,Aetherdrift,dft,249,Near Mint,English,,,,,,,,100611,,"",$0.00
1,0,Back on Track,Aetherdrift,dft,76,Near Mint,English,,,,,,,,100438,,"",$0.00
3,0,Bakersbane Duo,Bloomburrow,BLB,163,Near Mint,English,,,,,,,,93175,,"",$0.00
1,0,Bakersbane Duo,Bloomburrow,BLB,163,Near Mint,English,foil,,,,,,,93175,,"",$0.00
2,0,Baleful Ammit,Amonkhet,AKH,79,Near Mint,English,,,,,,,,35366,,"",$0.00
1,0,Baloth Gorger,Dominaria,DOM,156,Near Mint,English,,,,,,,,38522,,"",$0.00
2,0,Bandit's Talent,Bloomburrow,BLB,83,Near Mint,English,,,,,,,,93095,,"",$0.00
5,0,Banishing Light,Bloomburrow,BLB,1,Near Mint,English,,,,,,,,93013,,"",$0.00
1,0,Banishing Light,Bloomburrow,BLB,1,Near Mint,English,foil,,,,,,,93013,,"",$0.00
3,0,Bark-Knuckle Boxer,Bloomburrow,BLB,164,Near Mint,English,,,,,,,,93176,,"",$0.00
4,0,Barkform Harvester,Bloomburrow,BLB,243,Near Mint,English,,,,,,,,93255,,"",$0.00
1,0,Battlefield Scavenger,Amonkhet,AKH,118,Near Mint,English,,,,,,,,35137,,"",$0.00
1,0,"Baylen, the Haymaker",Bloomburrow,BLB,205,Near Mint,English,,,,,,,,93217,,"",$0.00
1,0,Beast Within,"","",,Near Mint,English,,,,,,,,,,"",$0.00
2,0,Beastrider Vanguard,Aetherdrift,dft,154,Near Mint,English,,,,,,,,100516,,"",$0.00
1,0,"Bello, Bard of the Brambles","","",,Near Mint,English,,,,,,,,,,"",$0.00
5,0,Bellowing Crier,Bloomburrow,BLB,42,Near Mint,English,,,,,,,,93054,,"",$0.00
2,0,Benalish Honor Guard,Dominaria,DOM,5,Near Mint,English,,,,,,,,38633,,"",$0.00
4,0,Benefaction of Rhonas,Amonkhet,AKH,156,Near Mint,English,,,,,,,,35397,,"",$0.00
1,0,Berserkers' Onslaught,"","",,Near Mint,English,,,,,,,,,,"",$0.00
1,0,Big Score,"","",,Near Mint,English,,,,,,,,,,"",$0.00
6,0,Binding Mummy,Amonkhet,AKH,6,Near Mint,English,,,,,,,,35365,,"",$0.00
6,0,Bitterblade Warrior,Amonkhet,AKH,157,Near Mint,English,,,,,,,,35344,,"",$0.00
3,0,Blacksmith's Talent,Bloomburrow,BLB,125,Near Mint,English,,,,,,,,93137,,"",$0.00
1,0,Blasphemous Act,"","",,Near Mint,English,,,,,,,,,,"",$0.00
7,0,Blazing Volley,Amonkhet,AKH,119,Near Mint,English,,,,,,,,35193,,"",$0.00
2,0,Blessed Light,Dominaria,DOM,7,Near Mint,English,,,,,,,,38510,,"",$0.00
9,0,Blighted Bat,Amonkhet,AKH,80,Near Mint,English,,,,,,,,35289,,"",$0.00
1,0,Blink of an Eye,Dominaria,DOM,46,Near Mint,English,,,,,,,,38512,,"",$0.00
1,0,Bloodfell Caves,Aetherdrift,dft,251,Near Mint,English,,,,,,,,100613,,"",$0.00
2,0,Bloodlust Inciter,Amonkhet,AKH,120,Near Mint,English,,,,,,,,35147,,"",$0.00
2,0,Bloodrage Brawler,Amonkhet,AKH,121,Near Mint,English,,,,,,,,35219,,"",$0.00
1,0,Bloodstone Goblin,Dominaria,DOM,115,Near Mint,English,,,,,,,,38610,,"",$0.00
2,0,Blooming Blast,Bloomburrow,BLB,126,Near Mint,English,,,,,,,,93138,,"",$0.00
1,0,Board the Weatherlight,Dominaria,DOM,8,Near Mint,English,,,,,,,,38452,,"",$0.00
1,0,Body Double,Commander 2017,C17,83,Near Mint,English,,,,,,,,36559,,"",$0.00
2,0,Bone Picker,Amonkhet,AKH,81,Near Mint,English,,,,,,,,35156,,"",$0.00
7,0,Bonebind Orator,Bloomburrow,BLB,84,Near Mint,English,,,,,,,,93096,,"",$0.00
1,0,Bonecache Overseer,Bloomburrow,BLB,85,Near Mint,English,,,,,,,,93097,,"",$0.00
1,0,Bontu the Glorified,Amonkhet,AKH,82,Near Mint,English,,,,,,,,35141,,"",$0.00
4,0,Bontu's Monument,Amonkhet,AKH,225,Near Mint,English,,,,,,,,35330,,"",$0.00
1,0,Boommobile,Aetherdrift,dft,113,Near Mint,English,foil,,,,,,,100475,,"",$0.00
1,0,Boommobile,Aetherdrift,dft,310,Near Mint,English,,,,,,,,100672,,"",$0.00
1,0,Boosted Sloop,Aetherdrift,dft,190,Near Mint,English,,,,,,,,100552,,"",$0.00
1,0,Bootleggers' Stash,"","",,Near Mint,English,,,,,,,,,,"",$0.00
1,0,Bounce Off,Aetherdrift,dft,39,Near Mint,English,,,,,,,,100401,,"",$0.00
2,0,Brambleguard Captain,Bloomburrow,BLB,127,Near Mint,English,,,,,,,,93139,,"",$0.00
1,0,Brambleguard Veteran,Bloomburrow,BLB,165,Near Mint,English,,,,,,,,93177,,"",$0.00
4,0,Brave-Kin Duo,Bloomburrow,BLB,3,Near Mint,English,,,,,,,,93015,,"",$0.00
1,0,Brazen Collector,Bloomburrow,BLB,128,Near Mint,English,,,,,,,,93140,,"",$0.00
1,0,Brightblade Stoat,Bloomburrow,BLB,4,Near Mint,English,,,,,,,,93016,,"",$0.00
2,0,Brightblade Stoat,Bloomburrow,BLB,4,Near Mint,English,foil,,,,,,,93016,,"",$0.00
1,0,Brightcap Badger // Fungus Frolic,"","",,Near Mint,English,,,,,,,,,,"",$0.00
2,0,Brightfield Mustang,Aetherdrift,dft,5,Near Mint,English,,,,,,,,100367,,"",$0.00
1,0,Broadcast Rambler,Aetherdrift,dft,6,Near Mint,English,,,,,,,,100368,,"",$0.00
3,0,Broken Bond,Dominaria,DOM,157,Near Mint,English,,,,,,,,38461,,"",$0.00
1,0,Broodheart Engine,Aetherdrift,dft,193,Near Mint,English,,,,,,,,100555,,"",$0.00
3,0,Brute Strength,Amonkhet,AKH,122,Near Mint,English,,,,,,,,35323,,"",$0.00
1,0,Brute Strength,Amonkhet,AKH,122,Near Mint,English,foil,,,,,,,35323,,"",$0.00
1,0,Builder's Talent,Bloomburrow,BLB,5,Near Mint,English,,,,,,,,93017,,"",$0.00
1,0,Builder's Talent,Bloomburrow,BLB,5,Near Mint,English,foil,,,,,,,93017,,"",$0.00
4,0,Bumbleflower's Sharepot,Bloomburrow,BLB,244,Near Mint,English,,,,,,,,93256,,"",$0.00
1,0,Burner Rocket,Aetherdrift,dft,114,Near Mint,English,,,,,,,,100476,,"",$0.00
1,0,Burner Rocket,Aetherdrift,dft,311,Near Mint,English,foil,,,,,,,100673,,"",$0.00
1,0,Burnished Hart,"","",,Near Mint,English,,,,,,,,,,"",$0.00
2,0,Burrowguard Mentor,Bloomburrow,BLB,206,Near Mint,English,,,,,,,,93218,,"",$0.00
1,0,Bushy Bodyguard,Bloomburrow,BLB,166,Near Mint,English,,,,,,,,93178,,"",$0.00
2,0,By Force,Amonkhet,AKH,123,Near Mint,English,,,,,,,,35375,,"",$0.00
1,0,Byway Barterer,Bloomburrow,BLB,129,Near Mint,English,,,,,,,,93141,,"",$0.00
1,0,Cabal Paladin,Dominaria,DOM,79,Near Mint,English,,,,,,,,38574,,"",$0.00
5,0,Cache Grab,Bloomburrow,BLB,167,Near Mint,English,,,,,,,,93179,,"",$0.00
1,0,"Caelorna, Coral Tyrant",Aetherdrift,dft,40,Near Mint,English,,,,,,,,100402,,"",$0.00
2,0,Calamitous Tide,Bloomburrow,BLB,43,Near Mint,English,,,,,,,,93055,,"",$0.00
1,0,Caligo Skin-Witch,Dominaria,DOM,80,Near Mint,English,,,,,,,,38608,,"",$0.00
1,0,Call the Cavalry,Dominaria,DOM,9,Near Mint,English,,,,,,,,38605,,"",$0.00
2,0,Cancel,Amonkhet,AKH,44,Near Mint,English,,,,,,,,35158,,"",$0.00
2,0,Caretaker's Talent,Bloomburrow,BLB,6,Near Mint,English,,,,,,,,93018,,"",$0.00
1,0,Carrion Cruiser,Aetherdrift,dft,78,Near Mint,English,,,,,,,,100440,,"",$0.00
3,0,Carrot Cake,Bloomburrow,BLB,7,Near Mint,English,,,,,,,,93019,,"",$0.00
1,0,Carrot Cake,Bloomburrow,BLB,7,Near Mint,English,foil,,,,,,,93019,,"",$0.00
7,0,Cartouche of Ambition,Amonkhet,AKH,83,Near Mint,English,,,,,,,,35354,,"",$0.00
3,0,Cartouche of Knowledge,Amonkhet,AKH,45,Near Mint,English,,,,,,,,35232,,"",$0.00
1,0,Cartouche of Solidarity,Amonkhet,AKH,7,Near Mint,English,,,,,,,,35402,,"",$0.00
6,0,Cartouche of Strength,Amonkhet,AKH,158,Near Mint,English,,,,,,,,35203,,"",$0.00
3,0,Cartouche of Zeal,Amonkhet,AKH,124,Near Mint,English,,,,,,,,35165,,"",$0.00
1,0,Cascading Cataracts,Amonkhet,AKH,240,Near Mint,English,,,,,,,,35157,,"",$0.00
2,0,Cast Out,Amonkhet,AKH,8,Near Mint,English,,,,,,,,35315,,"",$0.00
1,0,Censor,Amonkhet,AKH,46,Near Mint,English,,,,,,,,35257,,"",$0.00
1,0,Chainer's Torment,Dominaria,DOM,82,Near Mint,English,,,,,,,,38491,,"",$0.00
1,0,Champion of Rhonas,Amonkhet,AKH,159,Near Mint,English,,,,,,,,35150,,"",$0.00
1,0,Champion of the Flame,Dominaria,DOM,116,Near Mint,English,,,,,,,,38569,,"",$0.00
2,0,Channeler Initiate,Amonkhet,AKH,160,Near Mint,English,,,,,,,,35337,,"",$0.00
1,0,Chaos Warp,"","",,Near Mint,English,,,,,,,,,,"",$0.00
1,0,Charge,Dominaria,DOM,10,Near Mint,English,,,,,,,,38469,,"",$0.00
1,0,Chitin Gravestalker,Aetherdrift,dft,79,Near Mint,English,,,,,,,,100441,,"",$0.00
1,0,Chitin Gravestalker,Aetherdrift,dft,79,Near Mint,English,foil,,,,,,,100441,,"",$0.00
1,0,Cinder Glade,"","",,Near Mint,English,,,,,,,,,,"",$0.00
6,0,Cindering Cutthroat,Bloomburrow,BLB,208,Near Mint,English,,,,,,,,93220,,"",$0.00
1,0,Cindering Cutthroat,Bloomburrow,BLB,208,Near Mint,English,foil,,,,,,,93220,,"",$0.00
1,0,Clamorous Ironclad,Aetherdrift,dft,117,Near Mint,English,,,,,,,,100479,,"",$0.00
1,0,"Clement, the Worrywort",Bloomburrow,BLB,209,Near Mint,English,foil,,,,,,,93221,,"",$0.00
1,0,Clifftop Lookout,Bloomburrow,BLB,168,Near Mint,English,,,,,,,,93180,,"",$0.00
1,0,Cloudreader Sphinx,Dominaria,DOM,47,Near Mint,English,,,,,,,,38513,,"",$0.00
1,0,Cloudspire Coordinator,Aetherdrift,dft,196,Near Mint,English,,,,,,,,100558,,"",$0.00
1,0,Cloudspire Skycycle,Aetherdrift,dft,197,Near Mint,English,,,,,,,,100559,,"",$0.00
3,0,Collision Course,Aetherdrift,dft,10,Near Mint,English,,,,,,,,100372,,"",$0.00
2,0,Colossapede,Amonkhet,AKH,161,Near Mint,English,,,,,,,,35352,,"",$0.00
1,0,Colossapede,Amonkhet,AKH,161,Near Mint,English,foil,,,,,,,35352,,"",$0.00
1,0,Command Tower,"","",,Near Mint,English,,,,,,,,,,"",$0.00
1,0,Commit // Memory,Amonkhet,AKH,211,Near Mint,English,,,,,,,,35197,,"",$0.00
6,0,Compelling Argument,Amonkhet,AKH,47,Near Mint,English,,,,,,,,35185,,"",$0.00
5,0,Compulsory Rest,Amonkhet,AKH,9,Near Mint,English,,,,,,,,35190,,"",$0.00
3,0,Conduct Electricity,Bloomburrow,BLB,130,Near Mint,English,,,,,,,,93142,,"",$0.00
1,0,Conductive Current,Alchemy: Innistrad,YMID,38,Near Mint,English,,,,,,,,77067,,"",$0.00
2,0,Consumed by Greed,Bloomburrow,BLB,87,Near Mint,English,,,,,,,,93099,,"",$0.00
2,0,Consuming Fervor,Amonkhet,AKH,126,Near Mint,English,,,,,,,,35395,,"",$0.00
1,0,Copperline Gorge,"","",,Near Mint,English,,,,,,,,,,"",$0.00
4,0,Corpseberry Cultivator,Bloomburrow,BLB,210,Near Mint,English,,,,,,,,93222,,"",$0.00
1,0,Corpseberry Cultivator,Bloomburrow,BLB,210,Near Mint,English,foil,,,,,,,93222,,"",$0.00
2,0,Corrosive Ooze,Dominaria,DOM,158,Near Mint,English,,,,,,,,38613,,"",$0.00
1,0,Coruscation Mage,Bloomburrow,BLB,131,Near Mint,English,,,,,,,,93143,,"",$0.00
1,0,Coruscation Mage,Bloomburrow,BLB,131,Near Mint,English,foil,,,,,,,93143,,"",$0.00
1,0,Country Roads,Aetherdrift,dft,253,Near Mint,English,,,,,,,,100615,,"",$0.00
4,0,Cradle of the Accursed,Amonkhet,AKH,241,Near Mint,English,,,,,,,,35139,,"",$0.00
4,0,Crocodile of the Crossing,Amonkhet,AKH,162,Near Mint,English,,,,,,,,35166,,"",$0.00
1,0,Cruel Reality,Amonkhet,AKH,84,Near Mint,English,,,,,,,,35332,,"",$0.00
1,0,Cruelclaw's Heist,Bloomburrow,BLB,88,Near Mint,English,,,,,,,,93100,,"",$0.00
5,0,Crumb and Get It,Bloomburrow,BLB,8,Near Mint,English,,,,,,,,93020,,"",$0.00
1,0,Cultivate,"","",,Near Mint,English,,,,,,,,,,"",$0.00
3,0,Curator of Mysteries,Amonkhet,AKH,49,Near Mint,English,,,,,,,,35387,,"",$0.00
1,0,Curator's Ward,Dominaria,DOM,49,Near Mint,English,,,,,,,,38619,,"",$0.00
2,0,Curator's Ward,Dominaria,DOM,49,Near Mint,English,foil,,,,,,,38619,,"",$0.00
1,0,Curious Forager,Bloomburrow,BLB,169,Near Mint,English,,,,,,,,93181,,"",$0.00
1,0,Cursecloth Wrappings,Aetherdrift,dft,81,Near Mint,English,,,,,,,,100443,,"",$0.00
3,0,Cursed Minotaur,Amonkhet,AKH,85,Near Mint,English,,,,,,,,35161,,"",$0.00
1,0,Cut // Ribbons,Amonkhet,AKH,223,Near Mint,English,,,,,,,,35264,,"",$0.00
4,0,Daggerfang Duo,Bloomburrow,BLB,89,Near Mint,English,,,,,,,,93101,,"",$0.00
1,0,Daggerfang Duo,Bloomburrow,BLB,89,Near Mint,English,foil,,,,,,,93101,,"",$0.00
3,0,Daring Waverider,Bloomburrow,BLB,44,Near Mint,English,,,,,,,,93056,,"",$0.00
1,0,Daring Waverider,Bloomburrow,BLB,44,Near Mint,English,foil,,,,,,,93056,,"",$0.00
1,0,Dark Bargain,Dominaria,DOM,83,Near Mint,English,,,,,,,,38404,,"",$0.00
1,0,Dauntless Bodyguard,Dominaria,DOM,14,Near Mint,English,,,,,,,,38536,,"",$0.00
3,0,Dazzling Denial,Bloomburrow,BLB,45,Near Mint,English,,,,,,,,93057,,"",$0.00
3,0,Deathbloom Thallid,Dominaria,DOM,84,Near Mint,English,,,,,,,,38484,,"",$0.00
1,0,Decimate,"","",,Near Mint,English,,,,,,,,,,"",$0.00
3,0,Decimator Beetle,Amonkhet,AKH,197,Near Mint,English,,,,,,,,35159,,"",$0.00
7,0,Decision Paralysis,Amonkhet,AKH,50,Near Mint,English,,,,,,,,35201,,"",$0.00
3,0,Deem Worthy,Amonkhet,AKH,127,Near Mint,English,,,,,,,,35198,,"",$0.00
1,0,Deep Freeze,Dominaria,DOM,50,Near Mint,English,,,,,,,,38511,,"",$0.00
2,0,Defiant Greatmaw,Amonkhet,AKH,163,Near Mint,English,,,,,,,,35338,,"",$0.00
5,0,Desert Cerodon,Amonkhet,AKH,128,Near Mint,English,,,,,,,,35240,,"",$0.00
2,0,Destined // Lead,Amonkhet,AKH,217,Near Mint,English,,,,,,,,35263,,"",$0.00
1,0,Destined // Lead,Amonkhet,AKH,217,Near Mint,English,foil,,,,,,,35263,,"",$0.00
1,0,Detention Chariot,Aetherdrift,dft,12,Near Mint,English,,,,,,,,100374,,"",$0.00
2,0,Devoted Crop-Mate,Amonkhet,AKH,10,Near Mint,English,,,,,,,,35385,,"",$0.00
2,0,Dewdrop Cure,Bloomburrow,BLB,10,Near Mint,English,,,,,,,,93022,,"",$0.00
1,0,Diligent Excavator,Dominaria,DOM,51,Near Mint,English,,,,,,,,38629,,"",$0.00
4,0,Dire Downdraft,Bloomburrow,BLB,46,Near Mint,English,,,,,,,,93058,,"",$0.00
3,0,Diresight,Bloomburrow,BLB,91,Near Mint,English,,,,,,,,93103,,"",$0.00
1,0,Diresight,Bloomburrow,BLB,91,Near Mint,English,foil,,,,,,,93103,,"",$0.00
1,0,Dismal Backwater,Aetherdrift,dft,254,Near Mint,English,,,,,,,,100616,,"",$0.00
1,0,Dispossess,Amonkhet,AKH,86,Near Mint,English,,,,,,,,35258,,"",$0.00
7,0,Dissenter's Deliverance,Amonkhet,AKH,164,Near Mint,English,,,,,,,,35132,,"",$0.00
1,0,Diversion Unit,Aetherdrift,dft,41,Near Mint,English,,,,,,,,100403,,"",$0.00
1,0,Divest,Dominaria,DOM,87,Near Mint,English,,,,,,,,38596,,"",$0.00
1,0,Divination,Dominaria,DOM,52,Near Mint,English,,,,,,,,38575,,"",$0.00
2,0,Djeru's Resolve,Amonkhet,AKH,11,Near Mint,English,,,,,,,,35208,,"",$0.00
1,0,"Domri, Anarch of Bolas","","",,Near Mint,English,,,,,,,,,,"",$0.00
5,0,Doomed Dissenter,Amonkhet,AKH,87,Near Mint,English,,,,,,,,35386,,"",$0.00
1,0,Dour Port-Mage,Bloomburrow,BLB,47,Near Mint,English,,,,,,,,93059,,"",$0.00
3,0,Downwind Ambusher,Bloomburrow,BLB,92,Near Mint,English,,,,,,,,93104,,"",$0.00
1,0,"Dragonhawk, Fate's Tempest",Bloomburrow,BLB,291,Near Mint,English,,,,,,,,93303,,"",$0.00
1,0,Dreamdew Entrancer,Bloomburrow,BLB,211,Near Mint,English,,,,,,,,93223,,"",$0.00
2,0,Dredger's Insight,Aetherdrift,dft,159,Near Mint,English,,,,,,,,100521,,"",$0.00
1,0,Driftgloom Coyote,Bloomburrow,BLB,11,Near Mint,English,,,,,,,,93023,,"",$0.00
4,0,Druid of the Spade,Bloomburrow,BLB,170,Near Mint,English,,,,,,,,93182,,"",$0.00
1,0,Dub,Dominaria,DOM,15,Near Mint,English,,,,,,,,38628,,"",$0.00
5,0,Dune Beetle,Amonkhet,AKH,89,Near Mint,English,,,,,,,,35234,,"",$0.00
1,0,Dusk // Dawn,Amonkhet,AKH,210,Near Mint,English,,,,,,,,35379,,"",$0.00
1,0,Dynamite Diver,Aetherdrift,dft,123,Near Mint,English,,,,,,,,100485,,"",$0.00
5,0,Early Winter,Bloomburrow,BLB,93,Near Mint,English,,,,,,,,93105,,"",$0.00
1,0,Early Winter,Bloomburrow,BLB,93,Near Mint,English,foil,,,,,,,93105,,"",$0.00
2,0,Eddymurk Crab,Bloomburrow,BLB,48,Near Mint,English,,,,,,,,93060,,"",$0.00
1,0,Edifice of Authority,Amonkhet,AKH,226,Near Mint,English,,,,,,,,35218,,"",$0.00
4,0,Electrify,Amonkhet,AKH,129,Near Mint,English,,,,,,,,35189,,"",$0.00
1,0,Elfhame Druid,Dominaria,DOM,159,Near Mint,English,,,,,,,,38625,,"",$0.00
1,0,"Eluge, the Shoreless Sea",Bloomburrow,BLB,49,Near Mint,English,,,,,,,,93061,,"",$0.00
1,0,Embalmed Ascendant,Aetherdrift,dft,201,Near Mint,English,,,,,,,,100563,,"",$0.00
2,0,Embalmer's Tools,Amonkhet,AKH,227,Near Mint,English,,,,,,,,35363,,"",$0.00
1,0,Emberheart Challenger,Bloomburrow,BLB,133,Near Mint,English,,,,,,,,93145,,"",$0.00
7,0,Emberhorn Minotaur,Amonkhet,AKH,130,Near Mint,English,,,,,,,,35283,,"",$0.00
1,0,Endrider Catalyzer,Aetherdrift,dft,124,Near Mint,English,foil,,,,,,,100486,,"",$0.00
2,0,Engine Rat,Aetherdrift,dft,84,Near Mint,English,,,,,,,,100446,,"",$0.00
2,0,Enigma Drake,Amonkhet,AKH,198,Near Mint,English,,,,,,,,35136,,"",$0.00
1,0,Esika's Chariot,"","",,Near Mint,English,,,,,,,,,,"",$0.00
1,0,Essence Channeler,Bloomburrow,BLB,12,Near Mint,English,,,,,,,,93024,,"",$0.00
7,0,Essence Scatter,Amonkhet,AKH,52,Near Mint,English,,,,,,,,35408,,"",$0.00
1,0,"Etali, Primal Storm","","",,Near Mint,English,,,,,,,,,,"",$0.00
1,0,Evercoat Ursine,"","",,Near Mint,English,,,,,,,,,,"",$0.00
1,0,Eviscerate,Dominaria,DOM,91,Near Mint,English,,,,,,,,38581,,"",$0.00
1,0,Evolving Wilds,"","",,Near Mint,English,,,,,,,,,,"",$0.00
6,0,Evolving Wilds,Amonkhet,AKH,242,Near Mint,English,,,,,,,,35394,,"",$0.00
1,0,"Evra, Halcyon Witness",Dominaria,DOM,16,Near Mint,English,,,,,,,,38635,,"",$0.00
2,0,Excavation Elephant,Dominaria,DOM,17,Near Mint,English,,,,,,,,38666,,"",$0.00
2,0,Exemplar of Strength,Amonkhet,AKH,165,Near Mint,English,,,,,,,,35229,,"",$0.00
1,0,Exotic Orchard,"","",,Near Mint,English,,,,,,,,,,"",$0.00
1,0,Explore,"","",,Near Mint,English,,,,,,,,,,"",$0.00
1,0,Fabled Passage,Bloomburrow,BLB,252,Near Mint,English,,,,,,,,93264,,"",$0.00
1,0,Failure // Comply,Amonkhet,AKH,221,Near Mint,English,,,,,,,,35162,,"",$0.00
2,0,Faith of the Devoted,Amonkhet,AKH,90,Near Mint,English,,,,,,,,35243,,"",$0.00
3,0,Fan Bearer,Amonkhet,AKH,12,Near Mint,English,,,,,,,,35399,,"",$0.00
1,0,Fang-Druid Summoner,Aetherdrift,dft,163,Near Mint,English,,,,,,,,100525,,"",$0.00
1,0,Farseek,"","",,Near Mint,English,,,,,,,,,,"",$0.00
2,0,Feather of Flight,Bloomburrow,BLB,13,Near Mint,English,,,,,,,,93025,,"",$0.00
3,0,Feed the Cycle,Bloomburrow,BLB,94,Near Mint,English,,,,,,,,93106,,"",$0.00
3,0,Fell,Bloomburrow,BLB,95,Near Mint,English,,,,,,,,93107,,"",$0.00
1,0,Fellwar Stone,"","",,Near Mint,English,,,,,,,,,,"",$0.00
2,0,Fervent Strike,Dominaria,DOM,117,Near Mint,English,,,,,,,,38541,,"",$0.00
9,0,Festering Mummy,Amonkhet,AKH,91,Near Mint,English,,,,,,,,35239,,"",$0.00
2,0,Fetid Pools,Amonkhet,AKH,243,Near Mint,English,,,,,,,,35282,,"",$0.00
2,0,Fiery Intervention,Dominaria,DOM,118,Near Mint,English,,,,,,,,38486,,"",$0.00
2,0,Fight with Fire,Dominaria,DOM,119,Near Mint,English,,,,,,,,38458,,"",$0.00
4,0,Final Reward,Amonkhet,AKH,92,Near Mint,English,,,,,,,,35351,,"",$0.00
3,0,Finch Formation,Bloomburrow,BLB,50,Near Mint,English,,,,,,,,93062,,"",$0.00
1,0,Finch Formation,Bloomburrow,BLB,50,Near Mint,English,foil,,,,,,,93062,,"",$0.00
1,0,"Finneas, Ace Archer",Bloomburrow,BLB,212,Near Mint,English,,,,,,,,93224,,"",$0.00
4,0,Fire Elemental,Dominaria,DOM,120,Near Mint,English,,,,,,,,38562,,"",$0.00
1,0,Firefist Adept,Dominaria,DOM,121,Near Mint,English,,,,,,,,38568,,"",$0.00
1,0,Fireglass Mentor,Bloomburrow,BLB,213,Near Mint,English,,,,,,,,93225,,"",$0.00
2,0,Flameblade Adept,Amonkhet,AKH,131,Near Mint,English,,,,,,,,35370,,"",$0.00
2,0,Flameblade Adept,Amonkhet,AKH,131,Near Mint,English,foil,,,,,,,35370,,"",$0.00
1,0,Flamecache Gecko,Bloomburrow,BLB,135,Near Mint,English,,,,,,,,93147,,"",$0.00
4,0,Fling,Amonkhet,AKH,132,Near Mint,English,,,,,,,,35227,,"",$0.00
7,0,Floodwaters,Amonkhet,AKH,53,Near Mint,English,,,,,,,,35270,,"",$0.00
2,0,Flowerfoot Swordmaster,Bloomburrow,BLB,14,Near Mint,English,,,,,,,,93026,,"",$0.00
1,0,For the Common Good,Bloomburrow,BLB,172,Near Mint,English,,,,,,,,93184,,"",$0.00
1,0,Forest,Bloomburrow,BLB,278,Near Mint,English,,,,,,,,93290,,"",$0.00
1,0,Forest,Bloomburrow,BLB,279,Near Mint,English,,,,,,,,93291,,"",$0.00
1,0,Forest,Bloomburrow,BLB,280,Near Mint,English,,,,,,,,93292,,"",$0.00
1,0,Forest,Bloomburrow,BLB,281,Near Mint,English,,,,,,,,93293,,"",$0.00
1,0,Forest,Bloomburrow,BLB,377,Near Mint,English,,,,,,,,93389,,"",$0.00
1,0,Forest,Bloomburrow,BLB,378,Near Mint,English,,,,,,,,93390,,"",$0.00
1,0,Forgotten Cave,"","",,Near Mint,English,,,,,,,,,,"",$0.00
6,0,Forsake the Worldly,Amonkhet,AKH,13,Near Mint,English,,,,,,,,35267,,"",$0.00
1,0,Fountainport,Bloomburrow,BLB,253,Near Mint,English,,,,,,,,93265,,"",$0.00
7,0,Fountainport Bell,Bloomburrow,BLB,245,Near Mint,English,,,,,,,,93257,,"",$0.00
4,0,Frenzied Rage,Dominaria,DOM,124,Near Mint,English,,,,,,,,38592,,"",$0.00
1,0,Frilled Mystic,Secret Lair Drop Series,SLD,786,Near Mint,English,foil,,,,,,,93001,,"",$0.00
3,0,Frilled Sparkshooter,Bloomburrow,BLB,136,Near Mint,English,,,,,,,,93148,,"",$0.00
1,0,Full Throttle,Aetherdrift,dft,127,Near Mint,English,,,,,,,,100489,,"",$0.00
2,0,Gaea's Blessing,Dominaria,DOM,161,Near Mint,English,,,,,,,,38539,,"",$0.00
1,0,Gaea's Protector,Dominaria,DOM,162,Near Mint,English,,,,,,,,38467,,"",$0.00
3,0,Galestrike,Amonkhet,AKH,54,Near Mint,English,,,,,,,,35412,,"",$0.00
3,0,Galewind Moose,Bloomburrow,BLB,173,Near Mint,English,,,,,,,,93185,,"",$0.00
1,0,Game Trail,"","",,Near Mint,English,,,,,,,,,,"",$0.00
1,0,Garruk's Packleader,"","",,Near Mint,English,,,,,,,,,,"",$0.00
1,0,Garruk's Uprising,"","",,Near Mint,English,,,,,,,,,,"",$0.00
1,0,Gastal Blockbuster,Aetherdrift,dft,128,Near Mint,English,,,,,,,,100490,,"",$0.00
1,0,Gastal Raider,Aetherdrift,dft,86,Near Mint,English,,,,,,,,100448,,"",$0.00
2,0,Gate to the Afterlife,Amonkhet,AKH,228,Near Mint,English,,,,,,,,35164,,"",$0.00
1,0,Gearseeker Serpent,Aetherdrift,dft,43,Near Mint,English,,,,,,,,100405,,"",$0.00
1,0,"Ghalta, Primal Hunger","","",,Near Mint,English,,,,,,,,,,"",$0.00
1,0,Ghitu Journeymage,Dominaria,DOM,126,Near Mint,English,,,,,,,,38476,,"",$0.00
3,0,Ghitu Lavarunner,Dominaria,DOM,127,Near Mint,English,,,,,,,,38413,,"",$0.00
3,0,Giant Spider,Amonkhet,AKH,166,Near Mint,English,,,,,,,,35207,,"",$0.00
2,0,Gideon of the Trials,Amonkhet,AKH,14,Near Mint,English,,,,,,,,35183,,"",$0.00
3,0,Gideon's Reproach,Dominaria,DOM,19,Near Mint,English,,,,,,,,38472,,"",$0.00
4,0,Gift of Growth,Dominaria,DOM,163,Near Mint,English,,,,,,,,38463,,"",$0.00
5,0,Gift of Paradise,Amonkhet,AKH,167,Near Mint,English,,,,,,,,35358,,"",$0.00
1,0,Gilded Ghoda,Aetherdrift,dft,130,Near Mint,English,,,,,,,,100492,,"",$0.00
1,0,Gilded Lotus,"","",,Near Mint,English,,,,,,,,,,"",$0.00
1,0,"Glarb, Calamity's Augur",Bloomburrow,BLB,215,Near Mint,English,,,,,,,,93227,,"",$0.00
4,0,Glidedive Duo,Bloomburrow,BLB,96,Near Mint,English,,,,,,,,93108,,"",$0.00
1,0,Glorybringer,Amonkhet,AKH,134,Near Mint,English,,,,,,,,35326,,"",$0.00
1,0,Goblin Chainwhirler,Dominaria,DOM,129,Near Mint,English,,,,,,,,38406,,"",$0.00
2,0,Goblin Surveyor,Aetherdrift,dft,131,Near Mint,English,,,,,,,,100493,,"",$0.00
1,0,Goblin Warchief,Dominaria,DOM,130,Near Mint,English,,,,,,,,38612,,"",$0.00
1,0,"Goreclaw, Terror of Qal Sisma","","",,Near Mint,English,,,,,,,,,,"",$0.00
1,0,Gossip's Talent,Bloomburrow,BLB,51,Near Mint,English,,,,,,,,93063,,"",$0.00
2,0,Grasping Dunes,Amonkhet,AKH,244,Near Mint,English,,,,,,,,35254,,"",$0.00
1,0,Gratuitous Violence,"","",,Near Mint,English,,,,,,,,,,"",$0.00
4,0,Gravedigger,Amonkhet,AKH,93,Near Mint,English,,,,,,,,35348,,"",$0.00
1,0,Gravedigger,Amonkhet,AKH,93,Near Mint,English,foil,,,,,,,35348,,"",$0.00
1,0,Greater Good,"","",,Near Mint,English,,,,,,,,,,"",$0.00
6,0,Greater Sandwurm,Amonkhet,AKH,168,Near Mint,English,,,,,,,,35223,,"",$0.00
1,0,Grim Strider,Amonkhet,AKH,94,Near Mint,English,,,,,,,,35403,,"",$0.00
1,0,"Grothama, All-Devouring","","",,Near Mint,English,,,,,,,,,,"",$0.00
3,0,Grow from the Ashes,Dominaria,DOM,164,Near Mint,English,,,,,,,,38523,,"",$0.00
1,0,"Grumgully, the Generous","","",,Near Mint,English,,,,,,,,,,"",$0.00
1,0,Gruul Signet,"","",,Near Mint,English,,,,,,,,,,"",$0.00
1,0,Gruul Turf,"","",,Near Mint,English,,,,,,,,,,"",$0.00
1,0,Guardians of Koilos,Dominaria,DOM,216,Near Mint,English,,,,,,,,38638,,"",$0.00
1,0,Guidelight Optimizer,Aetherdrift,dft,45,Near Mint,English,,,,,,,,100407,,"",$0.00
5,0,Gust Walker,Amonkhet,AKH,17,Near Mint,English,,,,,,,,35275,,"",$0.00
1,0,"Hallar, the Firefletcher",Dominaria,DOM,196,Near Mint,English,,,,,,,,38579,,"",$0.00
2,0,"Hapatra, Vizier of Poisons",Amonkhet,AKH,199,Near Mint,English,,,,,,,,35300,,"",$0.00
1,0,Haphazard Bombardment,Dominaria,DOM,131,Near Mint,English,,,,,,,,38645,,"",$0.00
1,0,Harmonize,"","",,Near Mint,English,,,,,,,,,,"",$0.00
1,0,Harnesser of Storms,Bloomburrow,BLB,137,Near Mint,English,,,,,,,,93149,,"",$0.00
1,0,Harsh Mentor,Amonkhet,AKH,135,Near Mint,English,,,,,,,,35359,,"",$0.00
1,0,Harvest Season,Amonkhet,AKH,170,Near Mint,English,,,,,,,,35294,,"",$0.00
3,0,Harvestrite Host,Bloomburrow,BLB,15,Near Mint,English,,,,,,,,93027,,"",$0.00
1,0,Harvestrite Host,Bloomburrow,BLB,15,Near Mint,English,foil,,,,,,,93027,,"",$0.00
1,0,Haunt the Network,Aetherdrift,dft,207,Near Mint,English,,,,,,,,100569,,"",$0.00
1,0,Haunted Hellride,Aetherdrift,dft,208,Near Mint,English,,,,,,,,100570,,"",$0.00
1,0,Hazard of the Dunes,Aetherdrift,dft,165,Near Mint,English,,,,,,,,100527,,"",$0.00
1,0,Hazardroot Herbalist,Bloomburrow,BLB,174,Near Mint,English,,,,,,,,93186,,"",$0.00
5,0,Haze of Pollen,Amonkhet,AKH,171,Near Mint,English,,,,,,,,35288,,"",$0.00
1,0,Hazel's Nocturne,Bloomburrow,BLB,97,Near Mint,English,,,,,,,,93109,,"",$0.00
1,0,Hazel's Nocturne,Bloomburrow,BLB,97,Near Mint,English,foil,,,,,,,93109,,"",$0.00
1,0,Hazoret's Favor,Amonkhet,AKH,137,Near Mint,English,,,,,,,,35181,,"",$0.00
2,0,Hazoret's Monument,Amonkhet,AKH,229,Near Mint,English,,,,,,,,35353,,"",$0.00
5,0,Head of the Homestead,Bloomburrow,BLB,216,Near Mint,English,,,,,,,,93228,,"",$0.00
1,0,Head of the Homestead,Bloomburrow,BLB,216,Near Mint,English,foil,,,,,,,93228,,"",$0.00
3,0,Healing Grace,Dominaria,DOM,20,Near Mint,English,,,,,,,,38518,,"",$0.00
1,0,Heaped Harvest,Bloomburrow,BLB,175,Near Mint,English,foil,,,,,,,93187,,"",$0.00
5,0,Heaped Harvest,Bloomburrow,BLB,175,Near Mint,English,,,,,,,,93187,,"",$0.00
1,0,Heartfire Hero,Bloomburrow,BLB,138,Near Mint,English,,,,,,,,93150,,"",$0.00
1,0,Heaven // Earth,Amonkhet,AKH,224,Near Mint,English,,,,,,,,35411,,"",$0.00
1,0,Hedron Archive,"","",,Near Mint,English,,,,,,,,,,"",$0.00
1,0,Heirloom Epic,Bloomburrow,BLB,246,Near Mint,English,,,,,,,,93258,,"",$0.00
6,0,Hekma Sentinels,Amonkhet,AKH,56,Near Mint,English,,,,,,,,35309,,"",$0.00
3,0,Hidden Grotto,Bloomburrow,BLB,254,Near Mint,English,,,,,,,,93266,,"",$0.00
5,0,Hieroglyphic Illumination,Amonkhet,AKH,57,Near Mint,English,,,,,,,,35302,,"",$0.00
4,0,High Stride,Bloomburrow,BLB,176,Near Mint,English,,,,,,,,93188,,"",$0.00
2,0,Hivespine Wolverine,Bloomburrow,BLB,177,Near Mint,English,,,,,,,,93189,,"",$0.00
1,0,Hoarder's Overflow,Bloomburrow,BLB,141,Near Mint,English,,,,,,,,93153,,"",$0.00
2,0,Homarid Explorer,Dominaria,DOM,53,Near Mint,English,,,,,,,,38398,,"",$0.00
8,0,Honed Khopesh,Amonkhet,AKH,230,Near Mint,English,,,,,,,,35244,,"",$0.00
1,0,Honored Crop-Captain,Amonkhet,AKH,200,Near Mint,English,,,,,,,,35216,,"",$0.00
3,0,Honored Dreyleader,Bloomburrow,BLB,178,Near Mint,English,,,,,,,,93190,,"",$0.00
7,0,Hooded Brawler,Amonkhet,AKH,173,Near Mint,English,,,,,,,,35306,,"",$0.00
1,0,Hop to It,Bloomburrow,BLB,16,Near Mint,English,,,,,,,,93028,,"",$0.00
3,0,Horror of the Broken Lands,Amonkhet,AKH,95,Near Mint,English,,,,,,,,35268,,"",$0.00
2,0,Howling Golem,Dominaria,DOM,218,Near Mint,English,,,,,,,,38505,,"",$0.00
1,0,"Huatli, Radiant Champion",Rivals of Ixalan,RIX,159,Near Mint,English,foil,,,,,,,37918,,Secret Lair: Bloomburrow,$0.00
1,0,Hulldrifter,Aetherdrift,dft,47,Near Mint,English,,,,,,,,100409,,"",$0.00
1,0,Hunter's Talent,Bloomburrow,BLB,179,Near Mint,English,,,,,,,,93191,,"",$0.00
1,0,Hunter's Talent,Bloomburrow,BLB,179,Near Mint,English,foil,,,,,,,93191,,"",$0.00
2,0,Huskburster Swarm,Bloomburrow,BLB,98,Near Mint,English,,,,,,,,93110,,"",$0.00
4,0,Hyena Pack,Amonkhet,AKH,139,Near Mint,English,,,,,,,,35153,,"",$0.00
9,0,Illusory Wrappings,Amonkhet,AKH,58,Near Mint,English,,,,,,,,35280,,"",$0.00
2,0,Impeccable Timing,Amonkhet,AKH,18,Near Mint,English,,,,,,,,35171,,"",$0.00
3,0,In Oketra's Name,Amonkhet,AKH,19,Near Mint,English,,,,,,,,35238,,"",$0.00
7,0,Initiate's Companion,Amonkhet,AKH,174,Near Mint,English,,,,,,,,35369,,"",$0.00
2,0,Innkeeper's Talent,Bloomburrow,BLB,180,Near Mint,English,,,,,,,,93192,,"",$0.00
1,0,Insult // Injury,Amonkhet,AKH,213,Near Mint,English,foil,,,,,,,35134,,"",$0.00
1,0,Interface Ace,Aetherdrift,dft,17,Near Mint,English,,,,,,,,100379,,"",$0.00
1,0,Intimidation Tactics,Aetherdrift,dft,92,Near Mint,English,,,,,,,,100454,,"",$0.00
2,0,Into the Flood Maw,Bloomburrow,BLB,52,Near Mint,English,,,,,,,,93064,,"",$0.00
3,0,Intrepid Rabbit,Bloomburrow,BLB,17,Near Mint,English,,,,,,,,93029,,"",$0.00
1,0,Invoke the Divine,Dominaria,DOM,22,Near Mint,English,,,,,,,,38585,,"",$0.00
1,0,Iridescent Vinelasher,Bloomburrow,BLB,99,Near Mint,English,,,,,,,,93111,,"",$0.00
1,0,Island,Bloomburrow,BLB,266,Near Mint,English,,,,,,,,93278,,"",$0.00
1,0,Island,Bloomburrow,BLB,267,Near Mint,English,,,,,,,,93279,,"",$0.00
1,0,Island,Bloomburrow,BLB,268,Near Mint,English,,,,,,,,93280,,"",$0.00
1,0,Island,Bloomburrow,BLB,269,Near Mint,English,,,,,,,,93281,,"",$0.00
1,0,Island,Bloomburrow,BLB,371,Near Mint,English,,,,,,,,93383,,"",$0.00
1,0,Island,Bloomburrow,BLB,372,Near Mint,English,,,,,,,,93384,,"",$0.00
1,0,"Jhoira, Weatherlight Captain",Dominaria,DOM,197,Near Mint,English,,,,,,,,38660,,"",$0.00
4,0,Jolly Gerbils,Bloomburrow,BLB,19,Near Mint,English,,,,,,,,93031,,"",$0.00
1,0,Jolly Gerbils,Bloomburrow,BLB,19,Near Mint,English,foil,,,,,,,93031,,"",$0.00
2,0,Jousting Lance,Dominaria,DOM,221,Near Mint,English,,,,,,,,38464,,"",$0.00
6,0,Junkblade Bruiser,Bloomburrow,BLB,220,Near Mint,English,,,,,,,,93232,,"",$0.00
1,0,"Kalakscion, Hunger Tyrant",Aetherdrift,dft,93,Near Mint,English,,,,,,,,100455,,"",$0.00
1,0,Kamahl's Druidic Vow,Dominaria,DOM,166,Near Mint,English,,,,,,,,38433,,"",$0.00
2,0,Karn's Temporal Sundering,Dominaria,DOM,55,Near Mint,English,,,,,,,,38438,,"",$0.00
1,0,Karplusan Forest,"","",,Near Mint,English,,,,,,,,,,"",$0.00
2,0,"Kastral, the Windcrested",Bloomburrow,BLB,221,Near Mint,English,,,,,,,,93233,,"",$0.00
1,0,"Kastral, the Windcrested",Bloomburrow,BLB,335,Near Mint,English,foil,,,,,,,93347,,"",$0.00
1,0,Keen Buccaneer,Aetherdrift,dft,48,Near Mint,English,,,,,,,,100410,,"",$0.00
1,0,Keen-Eyed Curator,Bloomburrow,BLB,181,Near Mint,English,,,,,,,,93193,,"",$0.00
2,0,Kefnet's Monument,Amonkhet,AKH,231,Near Mint,English,,,,,,,,35272,,"",$0.00
1,0,Keldon Overseer,Dominaria,DOM,134,Near Mint,English,,,,,,,,38455,,"",$0.00
2,0,Keldon Raider,Dominaria,DOM,135,Near Mint,English,,,,,,,,38526,,"",$0.00
4,0,Keldon Warcaller,Dominaria,DOM,136,Near Mint,English,,,,,,,,38586,,"",$0.00
2,0,Khenra Charioteer,Amonkhet,AKH,201,Near Mint,English,,,,,,,,35144,,"",$0.00
1,0,Kickoff Celebrations,Aetherdrift,dft,135,Near Mint,English,,,,,,,,100497,,"",$0.00
1,0,Kickoff Celebrations,Aetherdrift,dft,135,Near Mint,English,foil,,,,,,,100497,,"",$0.00
4,0,Kindlespark Duo,Bloomburrow,BLB,142,Near Mint,English,,,,,,,,93154,,"",$0.00
1,0,Kindlespark Duo,Bloomburrow,BLB,142,Near Mint,English,foil,,,,,,,93154,,"",$0.00
1,0,"Kiora, Behemoth Beckoner",Secret Lair Drop Series,SLD,532,Near Mint,English,foil,,,,,,,49493,,"",$0.00
1,0,Kitnap,Bloomburrow,BLB,53,Near Mint,English,,,,,,,,93065,,"",$0.00
1,0,"Kitsa, Otterball Elite",Bloomburrow,BLB,54,Near Mint,English,,,,,,,,93066,,"",$0.00
1,0,Knight of Grace,Dominaria,DOM,23,Near Mint,English,,,,,,,,38420,,"",$0.00
1,0,Knight of Malice,Dominaria,DOM,97,Near Mint,English,,,,,,,,38408,,"",$0.00
1,0,Knightfisher,Bloomburrow,BLB,55,Near Mint,English,,,,,,,,93067,,"",$0.00
1,0,Knightfisher,Bloomburrow,BLB,55,Near Mint,English,foil,,,,,,,93067,,"",$0.00
1,0,Kodama of the East Tree,"","",,Near Mint,English,,,,,,,,,,"",$0.00
1,0,"Kwende, Pride of Femeref",Dominaria,DOM,25,Near Mint,English,,,,,,,,38516,,"",$0.00
1,0,Labyrinth Guardian,Amonkhet,AKH,60,Near Mint,English,,,,,,,,35286,,"",$0.00
1,0,"Lagorin, Soul of Alacria",Aetherdrift,dft,211,Near Mint,English,,,,,,,,100573,,"",$0.00
2,0,Lay Bare the Heart,Amonkhet,AKH,96,Near Mint,English,,,,,,,,35308,,"",$0.00
2,0,Lay Claim,Amonkhet,AKH,61,Near Mint,English,,,,,,,,35303,,"",$0.00
3,0,Lifecreed Duo,Bloomburrow,BLB,20,Near Mint,English,,,,,,,,93032,,"",$0.00
4,0,Lightshell Duo,Bloomburrow,BLB,56,Near Mint,English,,,,,,,,93068,,"",$0.00
1,0,Lightshell Duo,Bloomburrow,BLB,56,Near Mint,English,foil,,,,,,,93068,,"",$0.00
1,0,Lightwheel Enhancements,Aetherdrift,dft,20,Near Mint,English,,,,,,,,100382,,"",$0.00
1,0,Lilypad Village,Bloomburrow,BLB,255,Near Mint,English,,,,,,,,93267,,"",$0.00
3,0,Lilysplash Mentor,Bloomburrow,BLB,222,Near Mint,English,,,,,,,,93234,,"",$0.00
1,0,Llanowar Elves,Dominaria,DOM,168,Near Mint,English,,,,,,,,38624,,"",$0.00
1,0,Llanowar Envoy,Dominaria,DOM,169,Near Mint,English,,,,,,,,38399,,"",$0.00
1,0,Llanowar Loamspeaker,"","",,Near Mint,English,,,,,,,,,,"",$0.00
2,0,Llanowar Scout,Dominaria,DOM,170,Near Mint,English,,,,,,,,38525,,"",$0.00
3,0,Long River Lurker,Bloomburrow,BLB,57,Near Mint,English,,,,,,,,93069,,"",$0.00
1,0,Long River's Pull,Bloomburrow,BLB,58,Near Mint,English,,,,,,,,93070,,"",$0.00
3,0,Longstalk Brawl,Bloomburrow,BLB,182,Near Mint,English,,,,,,,,93194,,"",$0.00
1,0,"Loot, the Pathfinder",Aetherdrift,dft,212,Near Mint,English,,,,,,,,100574,,"",$0.00
2,0,Lord of the Accursed,Amonkhet,AKH,99,Near Mint,English,,,,,,,,35188,,"",$0.00
1,0,Lotus Cobra,"","",,Near Mint,English,,,,,,,,,Showcase,"",$0.00
1,0,Lotusguard Disciple,Aetherdrift,dft,21,Near Mint,English,,,,,,,,100383,,"",$0.00
1,0,Loxodon Surveyor,Aetherdrift,dft,167,Near Mint,English,,,,,,,,100529,,"",$0.00
1,0,Lumbering Worldwagon,Aetherdrift,dft,168,Near Mint,English,,,,,,,,100530,,"",$0.00
1,0,Lunar Convocation,Bloomburrow,BLB,223,Near Mint,English,,,,,,,,93235,,"",$0.00
2,0,Lupinflower Village,Bloomburrow,BLB,256,Near Mint,English,,,,,,,,93268,,"",$0.00
2,0,Luxa River Shrine,Amonkhet,AKH,232,Near Mint,English,,,,,,,,35281,,"",$0.00
1,0,"Mabel, Heir to Cragflame",Bloomburrow,BLB,224,Near Mint,English,,,,,,,,93236,,"",$0.00
1,0,Mabel's Mettle,Bloomburrow,BLB,21,Near Mint,English,,,,,,,,93033,,"",$0.00
1,0,Maelstrom Wanderer,"","",,Near Mint,English,foil,,,,,,,,,Secret Lair: Andrew McLean,$0.00
7,0,Magma Spray,Amonkhet,AKH,141,Near Mint,English,,,,,,,,35174,,"",$0.00
1,0,Manglehorn,Amonkhet,AKH,175,Near Mint,English,,,,,,,,35404,,"",$0.00
1,0,Manifold Mouse,Bloomburrow,BLB,143,Near Mint,English,,,,,,,,93155,,"",$0.00
7,0,Manticore of the Gauntlet,Amonkhet,AKH,142,Near Mint,English,,,,,,,,35145,,"",$0.00
1,0,March from the Tomb,Battle for Zendikar,BFZ,214,Near Mint,English,,,,,,,,29929,,"",$0.00
1,0,Marketback Walker,Aetherdrift,dft,235,Near Mint,English,,,,,,,,100597,,"",$0.00
1,0,Marshals' Pathcruiser,Aetherdrift,dft,236,Near Mint,English,,,,,,,,100598,,"",$0.00
1,0,"Marwyn, the Nurturer",Dominaria,DOM,172,Near Mint,English,,,,,,,,38448,,"",$0.00
1,0,Memorial to Genius,Dominaria,DOM,243,Near Mint,English,,,,,,,,38490,,"",$0.00
1,0,Memorial to Glory,Dominaria,DOM,244,Near Mint,English,,,,,,,,38557,,"",$0.00
1,0,Memorial to Unity,Dominaria,DOM,245,Near Mint,English,,,,,,,,38449,,"",$0.00
1,0,Merciless Javelineer,Amonkhet,AKH,202,Near Mint,English,,,,,,,,35236,,"",$0.00
1,0,Merfolk Trickster,Dominaria,DOM,56,Near Mint,English,,,,,,,,38390,,"",$0.00
3,0,Mesa Unicorn,Dominaria,DOM,27,Near Mint,English,,,,,,,,38600,,"",$0.00
3,0,Miasmic Mummy,Amonkhet,AKH,100,Near Mint,English,,,,,,,,35231,,"",$0.00
3,0,Midnight Mangler,Aetherdrift,dft,50,Near Mint,English,,,,,,,,100412,,"",$0.00
4,0,Might of the Meek,Bloomburrow,BLB,144,Near Mint,English,,,,,,,,93156,,"",$0.00
6,0,Mighty Leap,Amonkhet,AKH,20,Near Mint,English,,,,,,,,35253,,"",$0.00
2,0,Migrating Ketradon,Aetherdrift,dft,170,Near Mint,English,,,,,,,,100532,,"",$0.00
7,0,Mind Drill Assailant,Bloomburrow,BLB,225,Near Mint,English,,,,,,,,93237,,"",$0.00
4,0,Mind Spiral,Bloomburrow,BLB,59,Near Mint,English,,,,,,,,93071,,"",$0.00
1,0,Mind Stone,"","",,Near Mint,English,,,,,,,,,,"",$0.00
2,0,Mindwhisker,Bloomburrow,BLB,60,Near Mint,English,,,,,,,,93072,,"",$0.00
7,0,Minotaur Sureshot,Amonkhet,AKH,143,Near Mint,English,,,,,,,,35237,,"",$0.00
1,0,Mistbreath Elder,Bloomburrow,BLB,323,Near Mint,English,,,,,,,,93335,,"",$0.00
1,0,Mockingbird,Bloomburrow,BLB,61,Near Mint,English,,,,,,,,93073,,"",$0.00
1,0,Monument to Endurance,Aetherdrift,dft,237,Near Mint,English,,,,,,,,100599,,"",$0.00
5,0,Moonrise Cleric,Bloomburrow,BLB,226,Near Mint,English,,,,,,,,93238,,"",$0.00
1,0,Moonrise Cleric,Bloomburrow,BLB,226,Near Mint,English,foil,,,,,,,93238,,"",$0.00
1,0,Moonstone Harbinger,Bloomburrow,BLB,101,Near Mint,English,,,,,,,,93113,,"",$0.00
1,0,Mossfire Valley,"","",,Near Mint,English,,,,,,,,,,"",$0.00
1,0,Mosswort Bridge,"","",,Near Mint,English,,,,,,,,,,"",$0.00
1,0,Mountain,Bloomburrow,BLB,274,Near Mint,English,,,,,,,,93286,,"",$0.00
1,0,Mountain,Bloomburrow,BLB,275,Near Mint,English,,,,,,,,93287,,"",$0.00
1,0,Mountain,Bloomburrow,BLB,276,Near Mint,English,,,,,,,,93288,,"",$0.00
1,0,Mountain,Bloomburrow,BLB,277,Near Mint,English,,,,,,,,93289,,"",$0.00
1,0,Mountain,Bloomburrow,BLB,375,Near Mint,English,,,,,,,,93387,,"",$0.00
1,0,Mountain,Bloomburrow,BLB,376,Near Mint,English,,,,,,,,93388,,"",$0.00
1,0,Mouse Trapper,Bloomburrow,BLB,22,Near Mint,English,,,,,,,,93034,,"",$0.00
1,0,"Mu Yanling, Wind Rider",Aetherdrift,dft,379,Near Mint,English,,,,,,,,100741,,"",$0.00
3,0,Mudflat Village,Bloomburrow,BLB,257,Near Mint,English,,,,,,,,93269,,"",$0.00
2,0,"Muerra, Trash Tactician",Bloomburrow,BLB,227,Near Mint,English,,,,,,,,93239,,"",$0.00
1,0,"Multani, Yavimaya's Avatar",Dominaria,DOM,174,Near Mint,English,,,,,,,,38492,,"",$0.00
4,0,Naga Oracle,Amonkhet,AKH,62,Near Mint,English,,,,,,,,35220,,"",$0.00
6,0,Naga Vitalist,Amonkhet,AKH,176,Near Mint,English,,,,,,,,35335,,"",$0.00
5,0,Nef-Crop Entangler,Amonkhet,AKH,144,Near Mint,English,,,,,,,,35311,,"",$0.00
1,0,Negate,Core Set 2020,M20,69,Near Mint,English,foil,,,,,,,45032,,"",$0.00
4,0,Nest of Scarabs,Amonkhet,AKH,101,Near Mint,English,,,,,,,,35273,,"",$0.00
1,0,Nesting Bot,Aetherdrift,dft,22,Near Mint,English,,,,,,,,100384,,"",$0.00
6,0,Nettle Guard,Bloomburrow,BLB,23,Near Mint,English,,,,,,,,93035,,"",$0.00
1,0,Nettle Guard,Bloomburrow,BLB,23,Near Mint,English,foil,,,,,,,93035,,"",$0.00
1,0,Never // Return,Amonkhet,AKH,212,Near Mint,English,,,,,,,,35380,,"",$0.00
1,0,New Perspectives,Amonkhet,AKH,63,Near Mint,English,,,,,,,,35295,,"",$0.00
2,0,Night Market,Aetherdrift,dft,258,Near Mint,English,,,,,,,,100620,,"",$0.00
5,0,Nightwhorl Hermit,Bloomburrow,BLB,62,Near Mint,English,,,,,,,,93074,,"",$0.00
1,0,Nightwhorl Hermit,Bloomburrow,BLB,62,Near Mint,English,foil,,,,,,,93074,,"",$0.00
1,0,Nimble Thopterist,Aetherdrift,dft,53,Near Mint,English,,,,,,,,100415,,"",$0.00
4,0,Nimble-Blade Khenra,Amonkhet,AKH,145,Near Mint,English,,,,,,,,35390,,"",$0.00
1,0,Nirkana Revenant,"","",,Near Mint,English,foil,,,,,,,,,Secret Lair: Andrew McLean,$0.00
1,0,"Nissa, Steward of Elements",Amonkhet,AKH,204,Near Mint,English,,,,,,,,35170,,"",$0.00
3,0,Nocturnal Hunger,Bloomburrow,BLB,102,Near Mint,English,,,,,,,,93114,,"",$0.00
3,0,Oakhollow Village,Bloomburrow,BLB,258,Near Mint,English,,,,,,,,93270,,"",$0.00
8,0,Oashra Cultivator,Amonkhet,AKH,177,Near Mint,English,,,,,,,,35192,,"",$0.00
2,0,Oketra's Attendant,Amonkhet,AKH,22,Near Mint,English,,,,,,,,35284,,"",$0.00
1,0,Oketra's Monument,Amonkhet,AKH,233,Near Mint,English,,,,,,,,35339,,"",$0.00
1,0,On Serra's Wings,Dominaria,DOM,28,Near Mint,English,,,,,,,,38651,,"",$0.00
4,0,Onward // Victory,Amonkhet,AKH,218,Near Mint,English,,,,,,,,35242,,"",$0.00
1,0,Ooze Patrol,Aetherdrift,dft,172,Near Mint,English,,,,,,,,100534,,"",$0.00
1,0,Open into Wonder,Amonkhet,AKH,64,Near Mint,English,,,,,,,,35163,,"",$0.00
2,0,Opt,Dominaria,DOM,60,Near Mint,English,,,,,,,,38649,,"",$0.00
2,0,Oracle's Vault,Amonkhet,AKH,234,Near Mint,English,,,,,,,,35293,,"",$0.00
1,0,Orcish Vandal,Dominaria,DOM,137,Near Mint,English,,,,,,,,38549,,"",$0.00
6,0,Ornery Kudu,Amonkhet,AKH,178,Near Mint,English,,,,,,,,35362,,"",$0.00
1,0,Osteomancer Adept,Bloomburrow,BLB,103,Near Mint,English,,,,,,,,93115,,"",$0.00
2,0,Otterball Antics,Bloomburrow,BLB,63,Near Mint,English,,,,,,,,93075,,"",$0.00
1,0,Outpost Siege,"","",,Near Mint,English,,,,,,,,,,"",$0.00
1,0,Overprotect,Bloomburrow,BLB,185,Near Mint,English,,,,,,,,93197,,"",$0.00
1,0,Pacesetter Paragon,Aetherdrift,dft,140,Near Mint,English,,,,,,,,100502,,"",$0.00
3,0,Pactdoll Terror,Aetherdrift,dft,99,Near Mint,English,,,,,,,,100461,,"",$0.00
8,0,Painful Lesson,Amonkhet,AKH,102,Near Mint,English,,,,,,,,35325,,"",$0.00
4,0,Painted Bluffs,Amonkhet,AKH,246,Near Mint,English,,,,,,,,35400,,"",$0.00
2,0,Pardic Wanderer,Dominaria,DOM,226,Near Mint,English,,,,,,,,38656,,"",$0.00
2,0,Parting Gust,Bloomburrow,BLB,24,Near Mint,English,,,,,,,,93036,,"",$0.00
1,0,Path of Ancestry,"","",,Near Mint,English,,,,,,,,,,"",$0.00
1,0,Path of Discovery,"","",,Near Mint,English,,,,,,,,,,"",$0.00
6,0,Pathmaker Initiate,Amonkhet,AKH,146,Near Mint,English,,,,,,,,35155,,"",$0.00
1,0,Pawpatch Formation,Bloomburrow,BLB,186,Near Mint,English,,,,,,,,93198,,"",$0.00
1,0,Pawpatch Recruit,Bloomburrow,BLB,187,Near Mint,English,,,,,,,,93199,,"",$0.00
8,0,Pearl of Wisdom,Bloomburrow,BLB,64,Near Mint,English,,,,,,,,93076,,"",$0.00
1,0,Pedal to the Metal,Aetherdrift,dft,141,Near Mint,English,,,,,,,,100503,,"",$0.00
2,0,Peerless Recycling,Bloomburrow,BLB,188,Near Mint,English,,,,,,,,93200,,"",$0.00
1,0,Pegasus Courser,Dominaria,DOM,29,Near Mint,English,,,,,,,,38607,,"",$0.00
1,0,Perilous Snare,Aetherdrift,dft,23,Near Mint,English,,,,,,,,100385,,"",$0.00
1,0,Persistent Marshstalker,Bloomburrow,BLB,104,Near Mint,English,,,,,,,,93116,,"",$0.00
1,0,Phyrexian Scriptures,Dominaria,DOM,100,Near Mint,English,,,,,,,,38615,,"",$0.00
1,0,Pierce the Sky,Dominaria,DOM,176,Near Mint,English,,,,,,,,38428,,"",$0.00
5,0,Pileated Provisioner,Bloomburrow,BLB,25,Near Mint,English,,,,,,,,93037,,"",$0.00
5,0,Pitiless Vizier,Amonkhet,AKH,103,Near Mint,English,,,,,,,,35277,,"",$0.00
2,0,Plague Belcher,Amonkhet,AKH,104,Near Mint,English,,,,,,,,35228,,"",$0.00
1,0,Plains,Bloomburrow,BLB,262,Near Mint,English,,,,,,,,93274,,"",$0.00
1,0,Plains,Bloomburrow,BLB,263,Near Mint,English,,,,,,,,93275,,"",$0.00
1,0,Plains,Bloomburrow,BLB,264,Near Mint,English,,,,,,,,93276,,"",$0.00
1,0,Plains,Bloomburrow,BLB,265,Near Mint,English,,,,,,,,93277,,"",$0.00
1,0,Plains,Bloomburrow,BLB,369,Near Mint,English,,,,,,,,93381,,"",$0.00
1,0,Plains,Bloomburrow,BLB,370,Near Mint,English,,,,,,,,93382,,"",$0.00
4,0,Playful Shove,Bloomburrow,BLB,145,Near Mint,English,,,,,,,,93157,,"",$0.00
1,0,Plow Through,Aetherdrift,dft,174,Near Mint,English,,,,,,,,100536,,"",$0.00
3,0,Plumecreed Escort,Bloomburrow,BLB,65,Near Mint,English,,,,,,,,93077,,"",$0.00
1,0,Plumecreed Mentor,Bloomburrow,BLB,228,Near Mint,English,,,,,,,,93240,,"",$0.00
1,0,Poison-Tip Archer,"","",,Near Mint,English,foil,,,,,,,,,Secret Lair: Andrew McLean,$0.00
4,0,Polliwallop,Bloomburrow,BLB,189,Near Mint,English,,,,,,,,93201,,"",$0.00
1,0,Polliwallop,Bloomburrow,BLB,189,Near Mint,English,foil,,,,,,,93201,,"",$0.00
3,0,Pond Prophet,Bloomburrow,BLB,229,Near Mint,English,,,,,,,,93241,,"",$0.00
1,0,Portent of Calamity,Bloomburrow,BLB,66,Near Mint,English,,,,,,,,93078,,"",$0.00
1,0,Possession Engine,Aetherdrift,dft,54,Near Mint,English,,,,,,,,100416,,"",$0.00
3,0,Pouncing Cheetah,Amonkhet,AKH,179,Near Mint,English,,,,,,,,35343,,"",$0.00
1,0,Powerstone Shard,Dominaria,DOM,227,Near Mint,English,,,,,,,,38603,,"",$0.00
1,0,Prepare // Fight,Amonkhet,AKH,220,Near Mint,English,,,,,,,,35172,,"",$0.00
1,0,Pride of the Road,Aetherdrift,dft,24,Near Mint,English,,,,,,,,100386,,"",$0.00
1,0,Primeval Bounty,"","",,Near Mint,English,,,,,,,,,,"",$0.00
1,0,Primordial Wurm,Dominaria,DOM,177,Near Mint,English,,,,,,,,38558,,"",$0.00
1,0,Prosperous Bandit,"","",,Near Mint,English,,,,,,,,,,"",$0.00
5,0,Protection of the Hekma,Amonkhet,AKH,23,Near Mint,English,,,,,,,,35167,,"",$0.00
1,0,Prowling Serpopard,Amonkhet,AKH,180,Near Mint,English,,,,,,,,35376,,"",$0.00
3,0,Psychic Whorl,Bloomburrow,BLB,105,Near Mint,English,,,,,,,,93117,,"",$0.00
1,0,Pull from Tomorrow,Amonkhet,AKH,65,Near Mint,English,,,,,,,,35199,,"",$0.00
5,0,Pursue Glory,Amonkhet,AKH,147,Near Mint,English,,,,,,,,35388,,"",$0.00
1,0,Pyreswipe Hawk,"","",,Near Mint,English,,,,,,,,,,"",$0.00
1,0,Quaketusk Boar,Bloomburrow,BLB,146,Near Mint,English,,,,,,,,93158,,"",$0.00
7,0,Quarry Hauler,Amonkhet,AKH,181,Near Mint,English,,,,,,,,35405,,"",$0.00
8,0,Rabbit Response,Bloomburrow,BLB,26,Near Mint,English,,,,,,,,93038,,"",$0.00
2,0,Rabid Gnaw,Bloomburrow,BLB,147,Near Mint,English,,,,,,,,93159,,"",$0.00
5,0,Raccoon Rallier,Bloomburrow,BLB,148,Near Mint,English,,,,,,,,93160,,"",$0.00
1,0,Racers' Scoreboard,Aetherdrift,dft,239,Near Mint,English,,,,,,,,100601,,"",$0.00
2,0,Radiating Lightning,Dominaria,DOM,138,Near Mint,English,,,,,,,,38482,,"",$0.00
1,0,Raging Ravine,"","",,Near Mint,English,,,,,,,,,,"",$0.00
1,0,Rain of Riches,"","",,Near Mint,English,,,,,,,,,,"",$0.00
1,0,Rampaging Baloths,"","",,Near Mint,English,,,,,,,,,,"",$0.00
2,0,Rampaging Cyclops,Dominaria,DOM,139,Near Mint,English,,,,,,,,38426,,"",$0.00
1,0,Rampant Growth,"","",,Near Mint,English,,,,,,,,,,"",$0.00
4,0,Ravine Raider,Bloomburrow,BLB,106,Near Mint,English,,,,,,,,93118,,"",$0.00
1,0,Reckless Velocitaur,Aetherdrift,dft,144,Near Mint,English,,,,,,,,100506,,"",$0.00
1,0,Regal Caracal,Amonkhet,AKH,24,Near Mint,English,,,,,,,,35182,,"",$0.00
2,0,Relic Runner,Dominaria,DOM,62,Near Mint,English,,,,,,,,38403,,"",$0.00
1,0,Reliquary Tower,"","",,Near Mint,English,,,,,,,,,,"",$0.00
2,0,Renewed Faith,Amonkhet,AKH,25,Near Mint,English,,,,,,,,35160,,"",$0.00
1,0,Repel Calamity,Bloomburrow,BLB,27,Near Mint,English,,,,,,,,93039,,"",$0.00
2,0,Reptilian Recruiter,Bloomburrow,BLB,149,Near Mint,English,,,,,,,,93161,,"",$0.00
5,0,Rhet-Crop Spearmaster,Amonkhet,AKH,26,Near Mint,English,,,,,,,,35291,,"",$0.00
1,0,Rhonas the Indomitable,Amonkhet,AKH,182,Near Mint,English,,,,,,,,35393,,"",$0.00
1,0,Ripclaw Wrangler,Aetherdrift,dft,101,Near Mint,English,,,,,,,,100463,,"",$0.00
2,0,Risky Shortcut,Aetherdrift,dft,103,Near Mint,English,,,,,,,,100465,,"",$0.00
6,0,River Serpent,Amonkhet,AKH,66,Near Mint,English,,,,,,,,35350,,"",$0.00
1,0,Rocketeer Boostbuggy,Aetherdrift,dft,220,Near Mint,English,,,,,,,,100582,,"",$0.00
2,0,Rockface Village,Bloomburrow,BLB,259,Near Mint,English,,,,,,,,93271,,"",$0.00
1,0,Rolling Hamsphere,"","",,Near Mint,English,,,,,,,,,,"",$0.00
1,0,Rootbound Crag,Bloomburrow Commander,BLC,326,Near Mint,English,,,,,,,,93765,,"",$0.00
1,0,Rottenmouth Viper,Bloomburrow,BLB,107,Near Mint,English,foil,,,,,,,93119,,"",$0.00
5,0,Roughshod Duo,Bloomburrow,BLB,150,Near Mint,English,,,,,,,,93162,,"",$0.00
2,0,Run Amok,Dominaria,DOM,140,Near Mint,English,,,,,,,,38634,,"",$0.00
6,0,Run Away Together,Bloomburrow,BLB,67,Near Mint,English,,,,,,,,93079,,"",$0.00
1,0,Run Over,Aetherdrift,dft,179,Near Mint,English,,,,,,,,100541,,"",$0.00
5,0,Rust-Shield Rampager,Bloomburrow,BLB,190,Near Mint,English,,,,,,,,93202,,"",$0.00
1,0,Ruthless Negotiation,Bloomburrow,BLB,108,Near Mint,English,,,,,,,,93120,,"",$0.00
1,0,Ruthless Negotiation,Bloomburrow,BLB,108,Near Mint,English,foil,,,,,,,93120,,"",$0.00
3,0,Ruthless Sniper,Amonkhet,AKH,105,Near Mint,English,,,,,,,,35217,,"",$0.00
3,0,Sacred Cat,Amonkhet,AKH,27,Near Mint,English,,,,,,,,35249,,"",$0.00
3,0,Sacred Excavation,Amonkhet,AKH,67,Near Mint,English,,,,,,,,35176,,"",$0.00
1,0,Sakura-Tribe Elder,"","",,Near Mint,English,,,,,,,,,,"",$0.00
1,0,Salvation Swan,Bloomburrow,BLB,28,Near Mint,English,,,,,,,,93040,,"",$0.00
1,0,"Samut, Voice of Dissent",Amonkhet,AKH,205,Near Mint,English,,,,,,,,35347,,"",$0.00
1,0,Sandwurm Convergence,Amonkhet,AKH,183,Near Mint,English,,,,,,,,35374,,"",$0.00
2,0,Saproling Migration,Dominaria,DOM,178,Near Mint,English,,,,,,,,38446,,"",$0.00
6,0,Savor,Bloomburrow,BLB,109,Near Mint,English,,,,,,,,93121,,"",$0.00
3,0,Sazacap's Brew,Bloomburrow,BLB,151,Near Mint,English,,,,,,,,93163,,"",$0.00
1,0,Sazacap's Brew,Bloomburrow,BLB,151,Near Mint,English,foil,,,,,,,93163,,"",$0.00
1,0,Scaled Behemoth,Amonkhet,AKH,184,Near Mint,English,,,,,,,,35262,,"",$0.00
6,0,Scales of Shale,Bloomburrow,BLB,110,Near Mint,English,,,,,,,,93122,,"",$0.00
4,0,Scarab Feast,Amonkhet,AKH,106,Near Mint,English,,,,,,,,35274,,"",$0.00
1,0,Scattered Groves,Amonkhet,AKH,247,Near Mint,English,,,,,,,,35317,,"",$0.00
2,0,Scavenger's Talent,Bloomburrow,BLB,111,Near Mint,English,,,,,,,,93123,,"",$0.00
1,0,Scrapshooter,Bloomburrow,BLB,191,Near Mint,English,,,,,,,,93203,,"",$0.00
6,0,Scribe of the Mindful,Amonkhet,AKH,68,Near Mint,English,,,,,,,,35202,,"",$0.00
1,0,Scrounging Skyray,Aetherdrift,dft,60,Near Mint,English,,,,,,,,100422,,"",$0.00
1,0,Season of Gathering,Bloomburrow,BLB,192,Near Mint,English,,,,,,,,93204,,"",$0.00
1,0,Season of Gathering,Bloomburrow,BLB,286,Near Mint,English,,,,,,,,93298,,"",$0.00
2,0,Season of the Bold,Bloomburrow,BLB,152,Near Mint,English,,,,,,,,93164,,"",$0.00
1,0,Seasoned Warrenguard,Bloomburrow,BLB,30,Near Mint,English,,,,,,,,93042,,"",$0.00
3,0,Seedglaive Mentor,Bloomburrow,BLB,231,Near Mint,English,,,,,,,,93243,,"",$0.00
5,0,Seedpod Squire,Bloomburrow,BLB,232,Near Mint,English,,,,,,,,93244,,"",$0.00
5,0,Seeker of Insight,Amonkhet,AKH,69,Near Mint,English,,,,,,,,35246,,"",$0.00
5,0,Seraph of the Suns,Amonkhet,AKH,28,Near Mint,English,,,,,,,,35357,,"",$0.00
1,0,Sergeant-at-Arms,Dominaria,DOM,32,Near Mint,English,,,,,,,,38488,,"",$0.00
1,0,Serra Angel,Dominaria,DOM,33,Near Mint,English,,,,,,,,38622,,"",$0.00
3,0,Serra Disciple,Dominaria,DOM,34,Near Mint,English,,,,,,,,38392,,"",$0.00
2,0,Shadow of the Grave,Amonkhet,AKH,107,Near Mint,English,,,,,,,,35296,,"",$0.00
3,0,Shadowstorm Vizier,Amonkhet,AKH,206,Near Mint,English,,,,,,,,35206,,"",$0.00
1,0,"Shanna, Sisay's Legacy",Dominaria,DOM,204,Near Mint,English,,,,,,,,38559,,"",$0.00
7,0,Shed Weakness,Amonkhet,AKH,185,Near Mint,English,,,,,,,,35298,,"",$0.00
1,0,Shefet Monitor,Amonkhet,AKH,186,Near Mint,English,,,,,,,,35336,,"",$0.00
1,0,Sheltered Thicket,"","",,Near Mint,English,,,,,,,,,,"",$0.00
1,0,Shield of the Realm,Dominaria,DOM,228,Near Mint,English,,,,,,,,38653,,"",$0.00
7,0,Shimmerscale Drake,Amonkhet,AKH,70,Near Mint,English,,,,,,,,35316,,"",$0.00
2,0,Shivan Fire,Dominaria,DOM,142,Near Mint,English,,,,,,,,38396,,"",$0.00
4,0,Shore Up,Bloomburrow,BLB,69,Near Mint,English,,,,,,,,93081,,"",$0.00
1,0,Shore Up,Bloomburrow,BLB,69,Near Mint,English,foil,,,,,,,93081,,"",$0.00
1,0,Shoreline Looter,Bloomburrow,BLB,70,Near Mint,English,,,,,,,,93082,,"",$0.00
1,0,Shoreline Looter,Bloomburrow,BLB,70,Near Mint,English,foil,,,,,,,93082,,"",$0.00
2,0,Short Bow,Bloomburrow,BLB,248,Near Mint,English,,,,,,,,93260,,"",$0.00
1,0,Short Sword,Dominaria,DOM,229,Near Mint,English,,,,,,,,38499,,"",$0.00
2,0,Shrike Force,Bloomburrow,BLB,31,Near Mint,English,,,,,,,,93043,,"",$0.00
2,0,Sinister Monolith,Bloomburrow,BLB,113,Near Mint,English,,,,,,,,93125,,"",$0.00
3,0,Sixth Sense,Amonkhet,AKH,187,Near Mint,English,,,,,,,,35222,,"",$0.00
2,0,Skirk Prospector,Dominaria,DOM,144,Near Mint,English,,,,,,,,38554,,"",$0.00
1,0,Skittering Surveyor,Dominaria,DOM,230,Near Mint,English,,,,,,,,38395,,"",$0.00
1,0,Skizzik,Dominaria,DOM,145,Near Mint,English,,,,,,,,38567,,"",$0.00
1,0,Skybox Ferry,Aetherdrift,dft,243,Near Mint,English,,,,,,,,100605,,"",$0.00
1,0,Skyseer's Chariot,Aetherdrift,dft,28,Near Mint,English,,,,,,,,100390,,"",$0.00
1,0,Skyserpent Seeker,Aetherdrift,dft,224,Near Mint,English,foil,,,,,,,100586,,"",$0.00
3,0,Skyskipper Duo,Bloomburrow,BLB,71,Near Mint,English,,,,,,,,93083,,"",$0.00
5,0,Slither Blade,Amonkhet,AKH,71,Near Mint,English,,,,,,,,35333,,"",$0.00
1,0,Sol Ring,"","",,Near Mint,English,,,,,,,,,,"",$0.00
6,0,Sonar Strike,Bloomburrow,BLB,32,Near Mint,English,,,,,,,,93044,,"",$0.00
1,0,Sonar Strike,Bloomburrow,BLB,32,Near Mint,English,foil,,,,,,,93044,,"",$0.00
1,0,Song of Freyalise,Dominaria,DOM,179,Near Mint,English,,,,,,,,38418,,"",$0.00
1,0,Sorin Markov,Magic 2012,M12,109,Near Mint,English,foil,,,,,,,18850,,Secret Lair: Bloomburrow,$0.00
1,0,Soul Salvage,Dominaria,DOM,104,Near Mint,English,,,,,,,,38561,,"",$0.00
1,0,Soul-Scar Mage,Amonkhet,AKH,148,Near Mint,English,,,,,,,,35184,,"",$0.00
4,0,Soulstinger,Amonkhet,AKH,108,Near Mint,English,,,,,,,,35169,,"",$0.00
2,0,Sparring Construct,Dominaria,DOM,232,Near Mint,English,,,,,,,,38439,,"",$0.00
5,0,Sparring Mummy,Amonkhet,AKH,29,Near Mint,English,,,,,,,,35413,,"",$0.00
2,0,Spellgyre,Bloomburrow,BLB,72,Near Mint,English,,,,,,,,93084,,"",$0.00
7,0,Spidery Grasp,Amonkhet,AKH,188,Near Mint,English,,,,,,,,35382,,"",$0.00
1,0,Spikeshell Harrier,Aetherdrift,dft,65,Near Mint,English,,,,,,,,100427,,"",$0.00
1,0,Spin Out,Aetherdrift,dft,106,Near Mint,English,,,,,,,,100468,,"",$0.00
1,0,Spine of Ish Sah,"","",,Near Mint,English,,,,,,,,,,"",$0.00
2,0,Splash Lasher,Bloomburrow,BLB,73,Near Mint,English,,,,,,,,93085,,"",$0.00
1,0,Splash Portal,Bloomburrow,BLB,74,Near Mint,English,,,,,,,,93086,,"",$0.00
4,0,Splendid Agony,Amonkhet,AKH,109,Near Mint,English,,,,,,,,35187,,"",$0.00
1,0,Spore Swarm,Dominaria,DOM,180,Near Mint,English,,,,,,,,38589,,"",$0.00
1,0,Stall Out,Aetherdrift,dft,66,Near Mint,English,,,,,,,,100428,,"",$0.00
2,0,Stampeding Scurryfoot,Aetherdrift,dft,181,Near Mint,English,,,,,,,,100543,,"",$0.00
3,0,Star Charter,Bloomburrow,BLB,33,Near Mint,English,,,,,,,,93045,,"",$0.00
1,0,Starfall Invocation,Bloomburrow,BLB,34,Near Mint,English,,,,,,,,93046,,"",$0.00
2,0,Starforged Sword,Bloomburrow,BLB,249,Near Mint,English,,,,,,,,93261,,"",$0.00
1,0,Stargaze,Bloomburrow,BLB,114,Near Mint,English,,,,,,,,93126,,"",$0.00
1,0,Stargaze,Bloomburrow,BLB,114,Near Mint,English,foil,,,,,,,93126,,"",$0.00
4,0,Starlit Soothsayer,Bloomburrow,BLB,115,Near Mint,English,,,,,,,,93127,,"",$0.00
2,0,Starscape Cleric,Bloomburrow,BLB,116,Near Mint,English,,,,,,,,93128,,"",$0.00
2,0,Starseer Mentor,Bloomburrow,BLB,233,Near Mint,English,,,,,,,,93245,,"",$0.00
1,0,Starstorm,"","",,Near Mint,English,,,,,,,,,,"",$0.00
1,0,Start // Finish,Amonkhet,AKH,215,Near Mint,English,,,,,,,,35266,,"",$0.00
5,0,Steampath Charger,Bloomburrow,BLB,153,Near Mint,English,,,,,,,,93165,,"",$0.00
3,0,Stickytongue Sentinel,Bloomburrow,BLB,193,Near Mint,English,,,,,,,,93205,,"",$0.00
1,0,Stifle,Amonkhet Invocations,MPS_AKH,18,Near Mint,English,foil,,,,,,,35543,,"",$0.00
7,0,Stinging Shot,Amonkhet,AKH,189,Near Mint,English,,,,,,,,35256,,"",$0.00
1,0,Stir the Sands,Amonkhet,AKH,110,Near Mint,English,,,,,,,,35204,,"",$0.00
1,0,Stock Up,Aetherdrift,dft,67,Near Mint,English,,,,,,,,100429,,"",$0.00
3,0,Stocking the Pantry,Bloomburrow,BLB,194,Near Mint,English,,,,,,,,93206,,"",$0.00
3,0,Stormcatch Mentor,Bloomburrow,BLB,234,Near Mint,English,,,,,,,,93246,,"",$0.00
1,0,Stormchaser's Talent,Bloomburrow,BLB,75,Near Mint,English,,,,,,,,93087,,"",$0.00
1,0,Stormsplitter,Bloomburrow,BLB,154,Near Mint,English,,,,,,,,93166,,"",$0.00
1,0,Streaking Oilgorger,Aetherdrift,dft,107,Near Mint,English,,,,,,,,100469,,"",$0.00
2,0,Sugar Coat,Bloomburrow,BLB,76,Near Mint,English,,,,,,,,93088,,"",$0.00
1,0,Sulfur Falls,Dominaria,DOM,247,Near Mint,English,,,,,,,,38460,,"",$0.00
1,0,Sunbird's Invocation,"","",,Near Mint,English,,,,,,,,,,"",$0.00
4,0,Sunscorched Desert,Amonkhet,AKH,249,Near Mint,English,,,,,,,,35180,,"",$0.00
5,0,Sunshower Druid,Bloomburrow,BLB,195,Near Mint,English,,,,,,,,93207,,"",$0.00
2,0,Sunspine Lynx,Bloomburrow,BLB,155,Near Mint,English,,,,,,,,93167,,"",$0.00
7,0,Supernatural Stamina,Amonkhet,AKH,111,Near Mint,English,,,,,,,,35304,,"",$0.00
6,0,Supply Caravan,Amonkhet,AKH,30,Near Mint,English,,,,,,,,35200,,"",$0.00
1,0,Swamp,Bloomburrow,BLB,270,Near Mint,English,,,,,,,,93282,,"",$0.00
1,0,Swamp,Bloomburrow,BLB,271,Near Mint,English,,,,,,,,93283,,"",$0.00
1,0,Swamp,Bloomburrow,BLB,272,Near Mint,English,,,,,,,,93284,,"",$0.00
1,0,Swamp,Bloomburrow,BLB,273,Near Mint,English,,,,,,,,93285,,"",$0.00
1,0,Sweltering Suns,Amonkhet,AKH,149,Near Mint,English,,,,,,,,35392,,"",$0.00
1,0,Swiftwater Cliffs,Aetherdrift,dft,265,Near Mint,English,,,,,,,,100627,,"",$0.00
1,0,Swiftwing Assailant,Aetherdrift,dft,32,Near Mint,English,,,,,,,,100394,,"",$0.00
1,0,Swords to Plowshares,Special Guests,SPG,54,Near Mint,English,,,,,,,,93003,,"",$0.00
3,0,Synchronized Strike,Amonkhet,AKH,190,Near Mint,English,,,,,,,,35265,,"",$0.00
1,0,Syncopate,Dominaria,DOM,67,Near Mint,English,,,,,,,,38609,,"",$0.00
3,0,Tah-Crop Elite,Amonkhet,AKH,31,Near Mint,English,,,,,,,,35224,,"",$0.00
5,0,Tah-Crop Skirmisher,Amonkhet,AKH,72,Near Mint,English,,,,,,,,35194,,"",$0.00
3,0,Take Out the Trash,Bloomburrow,BLB,156,Near Mint,English,,,,,,,,93168,,"",$0.00
1,0,Talisman of Impulse,"","",,Near Mint,English,,,,,,,,,,"",$0.00
2,0,Tangle Tumbler,Bloomburrow,BLB,250,Near Mint,English,,,,,,,,93262,,"",$0.00
1,0,Tangle Tumbler,Bloomburrow,BLB,250,Near Mint,English,foil,,,,,,,93262,,"",$0.00
4,0,Teapot Slinger,Bloomburrow,BLB,157,Near Mint,English,,,,,,,,93169,,"",$0.00
3,0,Tempest Angler,Bloomburrow,BLB,235,Near Mint,English,,,,,,,,93247,,"",$0.00
1,0,Temple of Abandon,"","",,Near Mint,English,,,,,,,,,,"",$0.00
1,0,Tender Wildguide,Bloomburrow,BLB,196,Near Mint,English,,,,,,,,93208,,"",$0.00
1,0,Tendershoot Dryad,"","",,Near Mint,English,,,,,,,,,,"",$0.00
1,0,Terastodon,"","",,Near Mint,English,foil,,,,,,,,,Secret Lair: Andrew McLean,$0.00
1,0,Terramorphic Expanse,"","",,Near Mint,English,,,,,,,,,,"",$0.00
1,0,"Teshar, Ancestor's Apostle",Dominaria,DOM,36,Near Mint,English,,,,,,,,38485,,"",$0.00
1,0,"Tetsuko Umezawa, Fugitive",Dominaria,DOM,69,Near Mint,English,,,,,,,,38584,,"",$0.00
1,0,"Tezzeret, Master of the Bridge",War of the Spark,WAR,275,Near Mint,English,foil,,,,,,,44252,Buy-A-Box Promo,Secret Lair: Bloomburrow,$0.00
1,0,Thallid Omnivore,Dominaria,DOM,106,Near Mint,English,,,,,,,,38470,,"",$0.00
1,0,The Flame of Keld,Dominaria,DOM,123,Near Mint,English,,,,,,,,38471,,"",$0.00
1,0,Thickest in the Thicket,"","",,Near Mint,English,,,,,,,,,,"",$0.00
1,0,Thistledown Duo,Shadowmoor,SHM,152,Near Mint,English,,,,,,,,4160,,"",$0.00
5,0,Thistledown Players,Bloomburrow,BLB,35,Near Mint,English,,,,,,,,93047,,"",$0.00
4,0,Thornplate Intimidator,Bloomburrow,BLB,117,Near Mint,English,,,,,,,,93129,,"",$0.00
1,0,Thornplate Intimidator,Bloomburrow,BLB,117,Near Mint,English,foil,,,,,,,93129,,"",$0.00
5,0,Those Who Serve,Amonkhet,AKH,32,Near Mint,English,,,,,,,,35151,,"",$0.00
4,0,Thought Shucker,Bloomburrow,BLB,77,Near Mint,English,,,,,,,,93089,,"",$0.00
1,0,Thought Vessel,"","",,Near Mint,English,,,,,,,,,,"",$0.00
2,0,Thought-Stalker Warlock,Bloomburrow,BLB,118,Near Mint,English,,,,,,,,93130,,"",$0.00
1,0,Thran Dynamo,"","",,Near Mint,English,,,,,,,,,,"",$0.00
1,0,Thran Temporal Gateway,Dominaria,DOM,233,Near Mint,English,,,,,,,,38535,,"",$0.00
1,0,Three Tree City,Bloomburrow,BLB,260,Near Mint,English,,,,,,,,93272,,"",$0.00
3,0,Three Tree Mascot,Bloomburrow,BLB,251,Near Mint,English,,,,,,,,93263,,"",$0.00
3,0,Three Tree Rootweaver,Bloomburrow,BLB,198,Near Mint,English,,,,,,,,93210,,"",$0.00
1,0,Three Tree Rootweaver,Bloomburrow,BLB,198,Near Mint,English,foil,,,,,,,93210,,"",$0.00
1,0,Three Tree Scribe,Bloomburrow,BLB,199,Near Mint,English,,,,,,,,93211,,"",$0.00
3,0,Thresher Lizard,Amonkhet,AKH,150,Near Mint,English,,,,,,,,35271,,"",$0.00
3,0,Thunderhead Gunner,Aetherdrift,dft,148,Near Mint,English,,,,,,,,100510,,"",$0.00
1,0,Thundering Broodwagon,Aetherdrift,dft,225,Near Mint,English,,,,,,,,100587,,"",$0.00
1,0,Thundertrap Trainer,Bloomburrow,BLB,78,Near Mint,English,,,,,,,,93090,,"",$0.00
1,0,Thundertrap Trainer,Bloomburrow,BLB,386,Near Mint,English,foil,,,,,,,93398,Bundle Foil Promo,"",$0.00
2,0,"Tiana, Ship's Caretaker",Dominaria,DOM,208,Near Mint,English,,,,,,,,38563,,"",$0.00
1,0,Ticket Tortoise,Aetherdrift,dft,245,Near Mint,English,,,,,,,,100607,,"",$0.00
1,0,Tidecaller Mentor,Bloomburrow,BLB,236,Near Mint,English,,,,,,,,93248,,"",$0.00
1,0,Time of Ice,Dominaria,DOM,70,Near Mint,English,,,,,,,,38405,,"",$0.00
1,0,Time to Reflect,Amonkhet,AKH,33,Near Mint,English,,,,,,,,35367,,"",$0.00
1,0,Token: Intrepid Rabbit,Extras: Bloomburrow,TBLB,2,Near Mint,English,,,,,,,,93411,,"",$0.00
1,0,Token: Pawpatch Recruit,Extras: Bloomburrow,TBLB,21,Near Mint,English,,,,,,,,93430,,"",$0.00
1,0,Tolarian Scholar,Dominaria,DOM,71,Near Mint,English,,,,,,,,38564,,"",$0.00
10,0,Tormenting Voice,Amonkhet,AKH,151,Near Mint,English,,,,,,,,35230,,"",$0.00
2,0,Tragic Poet,Dominaria,DOM,37,Near Mint,English,,,,,,,,38664,,"",$0.00
1,0,Trailtracker Scout,"","",,Near Mint,English,,,,,,,,,,"",$0.00
1,0,Tranquil Thicket,"","",,Near Mint,English,,,,,,,,,,"",$0.00
1,0,"Traxos, Scourge of Kroog",Dominaria,DOM,234,Near Mint,English,,,,,,,,38583,,"",$0.00
6,0,Treeguard Duo,Bloomburrow,BLB,200,Near Mint,English,,,,,,,,93212,,"",$0.00
4,0,Treetop Sentries,Bloomburrow,BLB,201,Near Mint,English,,,,,,,,93213,,"",$0.00
6,0,Trespasser's Curse,Amonkhet,AKH,112,Near Mint,English,,,,,,,,35406,,"",$0.00
3,0,Trial of Ambition,Amonkhet,AKH,113,Near Mint,English,,,,,,,,35241,,"",$0.00
1,0,Trial of Knowledge,Amonkhet,AKH,73,Near Mint,English,,,,,,,,35383,,"",$0.00
2,0,Trial of Solidarity,Amonkhet,AKH,34,Near Mint,English,,,,,,,,35195,,"",$0.00
1,0,Trial of Strength,Amonkhet,AKH,191,Near Mint,English,,,,,,,,35292,,"",$0.00
2,0,Trial of Zeal,Amonkhet,AKH,152,Near Mint,English,,,,,,,,35320,,"",$0.00
1,0,Trip Up,Aetherdrift,dft,71,Near Mint,English,,,,,,,,100433,,"",$0.00
4,0,Trueheart Duelist,Amonkhet,AKH,35,Near Mint,English,,,,,,,,35409,,"",$0.00
5,0,Unburden,Amonkhet,AKH,114,Near Mint,English,,,,,,,,35135,,"",$0.00
1,0,Uncharted Haven,Kamigawa: Neon Dynasty,NEO,281,Near Mint,English,,,,,,,,62944,,"",$0.00
4,0,Uncharted Haven,Bloomburrow,BLB,261,Near Mint,English,,,,,,,,93273,,"",$0.00
1,0,Unnatural Growth,"","",,Near Mint,English,,,,,,,,,,"",$0.00
1,0,Unswerving Sloth,Aetherdrift,dft,34,Near Mint,English,,,,,,,,100396,,"",$0.00
1,0,Untamed Kavu,Dominaria,DOM,186,Near Mint,English,,,,,,,,38546,,"",$0.00
6,0,Unwavering Initiate,Amonkhet,AKH,36,Near Mint,English,,,,,,,,35407,,"",$0.00
1,0,Unwind,Dominaria,DOM,72,Near Mint,English,,,,,,,,38576,,"",$0.00
1,0,Urza's Tome,Dominaria,DOM,235,Near Mint,English,,,,,,,,38657,,"",$0.00
1,0,"Valduk, Keeper of the Flame",Dominaria,DOM,148,Near Mint,English,,,,,,,,38632,,"",$0.00
1,0,Valley Flamecaller,Bloomburrow,BLB,158,Near Mint,English,,,,,,,,93170,,"",$0.00
1,0,Valley Floodcaller,Bloomburrow,BLB,79,Near Mint,English,,,,,,,,93091,,"",$0.00
1,0,Valley Questcaller,Bloomburrow,BLB,36,Near Mint,English,,,,,,,,93048,,"",$0.00
3,0,Valley Rally,Bloomburrow,BLB,159,Near Mint,English,,,,,,,,93171,,"",$0.00
1,0,Valley Rotcaller,Bloomburrow,BLB,119,Near Mint,English,,,,,,,,93131,,"",$0.00
1,0,Veloheart Bike,Aetherdrift,dft,184,Near Mint,English,,,,,,,,100546,,"",$0.00
1,0,Venomsac Lagac,Aetherdrift,dft,185,Near Mint,English,,,,,,,,100547,,"",$0.00
3,0,Veteran Guardmouse,Bloomburrow,BLB,237,Near Mint,English,,,,,,,,93249,,"",$0.00
1,0,Veteran Guardmouse,Bloomburrow,BLB,237,Near Mint,English,foil,,,,,,,93249,,"",$0.00
1,0,Vicious Offering,Dominaria,DOM,110,Near Mint,English,,,,,,,,38514,,"",$0.00
2,0,Vinereap Mentor,Bloomburrow,BLB,238,Near Mint,English,,,,,,,,93250,,"",$0.00
5,0,Violent Impact,Amonkhet,AKH,154,Near Mint,English,,,,,,,,35313,,"",$0.00
2,0,Vizier of Deferment,Amonkhet,AKH,37,Near Mint,English,,,,,,,,35290,,"",$0.00
2,0,Vizier of Many Faces,Amonkhet,AKH,74,Near Mint,English,,,,,,,,35327,,"",$0.00
3,0,Vizier of Tumbling Sands,Amonkhet,AKH,75,Near Mint,English,,,,,,,,35410,,"",$0.00
1,0,Vodalian Arcanist,Dominaria,DOM,73,Near Mint,English,,,,,,,,38416,,"",$0.00
1,0,Voyage Home,Aetherdrift,dft,227,Near Mint,English,,,,,,,,100589,,"",$0.00
1,0,Voyager Glidecar,Aetherdrift,dft,36,Near Mint,English,,,,,,,,100398,,"",$0.00
1,0,Voyager Quickwelder,Aetherdrift,dft,37,Near Mint,English,,,,,,,,100399,,"",$0.00
1,0,"Vraska, Golgari Queen",Secret Lair Drop Series,SLD,90,Near Mint,English,foil,,,,,,,51945,,Secret Lair: Bloomburrow,$0.00
6,0,Wander in Death,Amonkhet,AKH,115,Near Mint,English,,,,,,,,35214,,"",$0.00
3,0,Wandertale Mentor,Bloomburrow,BLB,240,Near Mint,English,,,,,,,,93252,,"",$0.00
2,0,War Squeak,Bloomburrow,BLB,160,Near Mint,English,,,,,,,,93172,,"",$0.00
1,0,Warcry Phoenix,Dominaria,DOM,150,Near Mint,English,,,,,,,,38661,,"",$0.00
3,0,Warlord's Fury,Dominaria,DOM,151,Near Mint,English,,,,,,,,38658,,"",$0.00
3,0,Warren Elder,Bloomburrow,BLB,37,Near Mint,English,,,,,,,,93049,,"",$0.00
1,0,Warstorm Surge,"","",,Near Mint,English,,,,,,,,,,"",$0.00
5,0,Wasteland Scorpion,Amonkhet,AKH,116,Near Mint,English,,,,,,,,35396,,"",$0.00
1,0,Watchers of the Dead,Amonkhet,AKH,238,Near Mint,English,,,,,,,,35248,,"",$0.00
3,0,Watchful Naga,Amonkhet,AKH,193,Near Mint,English,,,,,,,,35342,,"",$0.00
4,0,Waterspout Warden,Bloomburrow,BLB,80,Near Mint,English,,,,,,,,93092,,"",$0.00
6,0,Wax-Wane Witness,Bloomburrow,BLB,39,Near Mint,English,,,,,,,,93051,,"",$0.00
2,0,Wear Down,Bloomburrow,BLB,203,Near Mint,English,,,,,,,,93215,,"",$0.00
1,0,Weaver of Currents,Amonkhet,AKH,209,Near Mint,English,,,,,,,,35196,,"",$0.00
4,0,Whiskerquill Scribe,Bloomburrow,BLB,161,Near Mint,English,,,,,,,,93173,,"",$0.00
1,0,Whiskervale Forerunner,Bloomburrow,BLB,40,Near Mint,English,,,,,,,,93052,,"",$0.00
2,0,"Wick, the Whorled Mind",Bloomburrow,BLB,120,Near Mint,English,,,,,,,,93132,,"",$0.00
3,0,Wick's Patrol,Bloomburrow,BLB,121,Near Mint,English,,,,,,,,93133,,"",$0.00
1,0,Wild Onslaught,Dominaria,DOM,188,Near Mint,English,,,,,,,,38650,,"",$0.00
2,0,Wildfire Howl,Bloomburrow,BLB,162,Near Mint,English,,,,,,,,93174,,"",$0.00
1,0,"Wildsear, Scouring Maw","","",,Near Mint,English,,,,,,,,,,"",$0.00
1,0,Wind-Scarred Crag,Aetherdrift,dft,271,Near Mint,English,,,,,,,,100633,,"",$0.00
6,0,Winds of Rebuke,Amonkhet,AKH,76,Near Mint,English,,,,,,,,35331,,"",$0.00
6,0,Winged Shepherd,Amonkhet,AKH,39,Near Mint,English,,,,,,,,35398,,"",$0.00
1,0,Wishing Well,Bloomburrow,BLB,81,Near Mint,English,foil,,,,,,,93093,,"",$0.00
1,0,Wooded Ridgeline,Bloomburrow Commander,BLC,353,Near Mint,English,,,,,,,,93792,,"",$0.00
1,0,Woodland Cemetery,Dominaria,DOM,248,Near Mint,English,,,,,,,,38440,,"",$0.00
1,0,Wreck Remover,Aetherdrift,dft,247,Near Mint,English,,,,,,,,100609,,"",$0.00
2,0,Zenith Seeker,Amonkhet,AKH,77,Near Mint,English,,,,,,,,35341,,"",$0.00
1,0,Zhalfirin Void,Dominaria,DOM,249,Near Mint,English,,,,,,,,38441,,"",$0.00
1,0,"Zoraline, Cosmos Caller",Bloomburrow,BLB,242,Near Mint,English,,,,,,,,93254,,"",$0.00

